"C-ID","record_id","language","kind","words","characters","source","text_sha256"
"C-001","full-text","ru","editorial","308","2396","https://constitution.my/p/full-text?lang=ru","b02166983e3b26cf04c45f4aa3506b09d212a28c80a0079f9299c65a915edd2a"
"C-001","how-developed","ru","editorial","348","2988","https://constitution.my/p/how-developed?lang=ru","0e73e7fb717a09a0a551813d4f896d64e3b0551e37d697d796f59e59d4815d8c"
"C-001","constitution-how-to-read-simple","ru","editorial","225","1731","https://constitution.my/p/constitution-how-to-read-simple?lang=ru","673f7ab70435f147091545c4a66a155ec61251f3f8d7fd2a6838aa6ed0404112"
"C-001","why-update","ru","editorial","407","3367","https://constitution.my/p/why-update?lang=ru","8e87e4e22894d753dfbb4d466906a49ce35accb706aaea4c324e861461a121cc"
"C-001","constitution-levels-of-law","ru","editorial","262","2118","https://constitution.my/p/constitution-levels-of-law?lang=ru","6b8c688a11578aced239ee3683f8e45e35d630ce49a8b407f327cc32d72dfe07"
"C-001","what-is-constitution","ru","editorial","246","2065","https://constitution.my/p/what-is-constitution?lang=ru","eeb81d3f5d2f9cc82d9f7796017911cbc0e0d0d82d4c146d7156804991ed8bb7"
"C-001","key-changes","ru","editorial","503","4445","https://constitution.my/p/key-changes?lang=ru","e6b04c1cf953bbd101f759e98e2ed6cbb75197a9b4caa06d07b07b3f121b74a9"
"C-001","rights-limits","ru","editorial","341","2492","https://constitution.my/p/rights-limits?lang=ru","e8d70b46747e49792bf537a8c8715b0bb4722753ec5545ccda50f18873546e87"
"C-001","constitution-direct-effect","ru","editorial","204","1651","https://constitution.my/p/constitution-direct-effect?lang=ru","c635d9348abc98bf69b80aa86fd7873f6610223401351b6d3f7f482530b1a2e4"
"C-001","rights-obligations","ru","editorial","213","1897","https://constitution.my/p/rights-obligations?lang=ru","fcd55114c3b8d34b86c64f472e6a9419e8a77196bb49edee26d55eddd908305b"
"C-001","rights-digital","ru","editorial","322","2655","https://constitution.my/p/rights-digital?lang=ru","03e9ca4d2e024adc43665a5f777f48536b40308ca1eaff9fbd5e75b97499f5de"
"C-001","rights-emergency-regimes","ru","editorial","279","2084","https://constitution.my/p/rights-emergency-regimes?lang=ru","54a061eb1bb3d5bbb711ea62f66ce28ebd96c5531321cc0d6bcf5e9265cda994"
"C-001","rights-basic-list","ru","editorial","363","3135","https://constitution.my/p/rights-basic-list?lang=ru","0976f35508a29864b695f8ff690d03caec59898f55d9bfd1b6d3d8ebafbea187"
"C-001","life-personal-data-leaked","ru","editorial","251","2175","https://constitution.my/p/life-personal-data-leaked?lang=ru","76abd8e3de3b3f09ff2e883c263144ecf1823f2980046d772d2405e9c7f51d94"
"C-001","life-detained-by-police","ru","editorial","226","1773","https://constitution.my/p/life-detained-by-police?lang=ru","6bea842470212e77d0729a0bc47fc169884b7338603a57c31f5cc36260181268"
"C-001","rights-how-to-protect","ru","editorial","441","3442","https://constitution.my/p/rights-how-to-protect?lang=ru","95cbbd947ece84ad90e5a46c3cc2ebc58a3e2e2e8e20b959219c3c9e3feb7f6e"
"C-001","rights-detention","ru","editorial","218","1781","https://constitution.my/p/rights-detention?lang=ru","43ed4c5a7d3dbf8dbaa92bae733ed568f021192f04505e572e29bc3ae8ff78be"
"C-001","national-bank","ru","editorial","232","2067","https://constitution.my/p/national-bank?lang=ru","52d0fe89b20b9793ce91d5d3af065b7855ceadabb8d9fca2d77f253a8aff534d"
"C-001","government","ru","editorial","228","2242","https://constitution.my/p/government?lang=ru","83c4fc0b070f974194ccfd0139352cabf53746b80a360e146c3bd5b5de4eec4f"
"C-001","kurultai","ru","editorial","389","3360","https://constitution.my/p/kurultai?lang=ru","a1edc8fdcedeef61649ffbaca961befff63c4b018edb7ecb91a4e668e764f4d9"
"C-001","president","ru","editorial","281","2657","https://constitution.my/p/president?lang=ru","95a6dd15019dda70b444534c7682bfefaa43bed752bb8c62d8edd5f12df8d7e8"
"C-001","vice-president","ru","editorial","266","2301","https://constitution.my/p/vice-president?lang=ru","8c3a9290aeea986d0b399a7c19f07c867e2f5ec171be7e06585c5ed56fd979ab"
"C-001","local-government","ru","editorial","257","2276","https://constitution.my/p/local-government?lang=ru","3987c4680d00d4390bd1dca61d5f0d4e3dceec7c5e6bd93798537516bce167d7"
"C-001","prosecutor","ru","editorial","253","2011","https://constitution.my/p/prosecutor?lang=ru","47325bad07b66ae56e289a5379f6127511022a2e736d50eae2fd86735a0e5c7c"
"C-001","constitutional-court","ru","editorial","333","2793","https://constitution.my/p/constitutional-court?lang=ru","719bb60a6208e25d372050d5560eb27839d095137d2d0afb47e532c9e53fd452"
"C-001","local-maslikhat","ru","editorial","231","1882","https://constitution.my/p/local-maslikhat?lang=ru","7a0faa3a234ed6be7f121ae99fe2af235a8d97d0413a9e27a99f494e88fbf100"
"C-001","local-self-government","ru","editorial","229","1873","https://constitution.my/p/local-self-government?lang=ru","9e65e3ea6903767e9f9ab28cb48f146b2e6ac89b727bc5eb07215ead20d0e693"
"C-001","local-why-it-matters","ru","editorial","229","1824","https://constitution.my/p/local-why-it-matters?lang=ru","1f78b1b713e11a83a91a9c99dbf7bd934008a33bf1931a1cb95407bccbe91ba4"
"C-001","local-halyk-kenesi","ru","editorial","220","2024","https://constitution.my/p/local-halyk-kenesi?lang=ru","1f18fecce260a788197ce9627135634b8bca5fc664c6f7fd1f514c23293e6b43"
"C-001","local-citizen-participation","ru","editorial","255","2043","https://constitution.my/p/local-citizen-participation?lang=ru","36e5ba6a6775b4fa859fc4349e7cbc5258353a16654384994677478a81c092c2"
"C-001","local-akim-role","ru","editorial","217","1780","https://constitution.my/p/local-akim-role?lang=ru","b80abbb8b2484bab5d3120fbc7519d3b65e534716114cb8d3f6331d8ace4bf60"
"C-001","public-control","ru","editorial","257","2083","https://constitution.my/p/public-control?lang=ru","ebbde5a087d1c40f484e2252e688631d25f30023b1bbf5aa1b72004767d268e2"
"C-001","petitions","ru","editorial","257","2090","https://constitution.my/p/petitions?lang=ru","1a3d0032e9e4ea9548dfa2919b9767894d436fab469984c63eacdeb4c28589da"
"C-001","peoples-council","ru","editorial","270","2266","https://constitution.my/p/peoples-council?lang=ru","afc96fb7799bb3b42ad7d5ace0623d278e3ef699063874fdb7ef90876c9fd9a1"
"C-001","civil-society","ru","editorial","222","1937","https://constitution.my/p/civil-society?lang=ru","2f1ff8e1c924426b82dfaf2770accd8d6f06dcbb9cb43960a48e7b723ff21a44"
"C-001","practical-international-treaties","ru","editorial","206","1670","https://constitution.my/p/practical-international-treaties?lang=ru","c67196bc89f2653ef503761d528245e402d5276b324838fc1c3226869d64d287"
"C-001","practical-how-to-discuss","ru","editorial","233","1640","https://constitution.my/p/practical-how-to-discuss?lang=ru","61ad8e5a0a4557709a8c4f711575493ace28073b55b7c09f231518ed443ff91d"
"C-001","practical-what-changes-for-me","ru","editorial","249","2064","https://constitution.my/p/practical-what-changes-for-me?lang=ru","a41b8ae378d704d809ae9ed8ebe72a19960c5d4d13b4de236b366aaa2f949f18"
"C-001","practical-how-to-check-information","ru","editorial","251","2042","https://constitution.my/p/practical-how-to-check-information?lang=ru","837fb09fbd732e9c71ec75d461be2dbb64100425d15dbc3d8f64a8e5129f8185"
"C-001","life-fired-from-job","ru","editorial","386","3058","https://constitution.my/p/life-fired-from-job?lang=ru","80fbcf53143d6419feb0260e8fce566e5614ed1f7d798d2a126a2b809b4302e0"
"C-001","life-start-business","ru","editorial","234","1891","https://constitution.my/p/life-start-business?lang=ru","d0e053307127e1d8716fb3825551f45f8567b00459719f1e38e01c01b419382b"
"C-001","practical-property-and-business","ru","editorial","248","2115","https://constitution.my/p/practical-property-and-business?lang=ru","2c0929d12cc8e645e5462b917abad4b7612767d2a58458e5015ccc7c6f9445ae"
"C-001","life-child-school-refused","ru","editorial","372","2943","https://constitution.my/p/life-child-school-refused?lang=ru","cf9596b4011e4846bcc4e1ee74244208a0a63ccbdf127eff55a06ac71405be15"
"C-001","practical-education-health","ru","editorial","219","1846","https://constitution.my/p/practical-education-health?lang=ru","661af4619224e046ef25266c0e1ed4d9c8404e5d9b519792d6b7ed9c7a6e2e52"
"C-001","constitution-how-to-read","ru","editorial","245","1827","https://constitution.my/p/constitution-how-to-read?lang=ru","22f48f9255873b0832b36c8f7e775a408bcc120c020faf08559605acb9a0516a"
"C-001","constitution-reforms-2022","ru","editorial","369","3289","https://constitution.my/p/constitution-reforms-2022?lang=ru","1a8d101c1e58581aca6a9557a9aba975319cad247a5125bbb568f576455bbca6"
"C-001","constitution-history-1993","ru","editorial","224","1961","https://constitution.my/p/constitution-history-1993?lang=ru","8e01e6f8214fff436a5c27c29f8854ac8cc3be3fb30fcfaa90db47a536b59834"
"C-001","constitution-history-path-to-2026","ru","editorial","301","2605","https://constitution.my/p/constitution-history-path-to-2026?lang=ru","d2fa1c7f51c75bce0008da390ca2cc623f21c6b12bdc210d5459774d223fe3da"
"C-001","myth-halyk-kenesi-replaces-parliament","ru","editorial","110","946","https://constitution.my/p/myth-halyk-kenesi-replaces-parliament?lang=ru","bafc3c2e466f7d3e640e5e738a2f5a192e68b1e551c07ffb97db1ea0b4144903"
"C-001","myth-kurultai-same-as-mazhilis","ru","editorial","148","1149","https://constitution.my/p/myth-kurultai-same-as-mazhilis?lang=ru","1dfbe7e097f1d27739cdf895981f000b044a290d0b42b407d444faa1014be22c"
"C-001","myths-constitution-doesnt-work","ru","editorial","282","2293","https://constitution.my/p/myths-constitution-doesnt-work?lang=ru","14d66c1f36ca5e78b7d26375a58fcf19d105eca4634658b2002b0554ad0bda20"
"C-001","myth-constitution-solves-everything","ru","editorial","156","1208","https://constitution.my/p/myth-constitution-solves-everything?lang=ru","ea1de3a93e21cbf7eef5603f1166783c4319d2c64aac8a68d90e5912a3d44b16"
"C-001","myths-rights-vs-duties","ru","editorial","208","1582","https://constitution.my/p/myths-rights-vs-duties?lang=ru","50509ab1a60f247846b9e6055ac3e0f3671b8e182f601991d6a28cdd5dfa3bae"
"C-001","myth-any-constitution-good","ru","editorial","235","1785","https://constitution.my/p/myth-any-constitution-good?lang=ru","3c88e8dc1800cecd1c6ea87a9998736528da0c550a5a4c9b6dd11f840d59296b"
"C-001","myths-law-vs-constitution","ru","editorial","293","2231","https://constitution.my/p/myths-law-vs-constitution?lang=ru","aeb172877d94f5afc4a7d7f900ff57fc5cbdc4d204bf021096c34f40bc779755"
"C-001","law-on-kurultai","ru","editorial","167","1286","https://constitution.my/p/law-on-kurultai?lang=ru","d76b4d74ad280d5d40364f44efa74b5defb2f2652d643f8d0343a4c17b8c09fe"
"C-001","law-on-constitutional-court","ru","editorial","186","1485","https://constitution.my/p/law-on-constitutional-court?lang=ru","2f44f95e012d73b806a7325138bf62a9f59300e17fa0aa8e50e90e0a55fc105a"
"C-001","halyk-kenesi-how-formed","ru","editorial","160","1373","https://constitution.my/p/halyk-kenesi-how-formed?lang=ru","4c151aceccc9e9ad4216f92725835d74e168ac2222c7780c9bfcda8354ce6274"
"C-001","vice-president-when","ru","editorial","179","1468","https://constitution.my/p/vice-president-when?lang=ru","14ee68c8c4dbfef9ae723e809adb6f0f6091f8c8b169170a134cfa276dfab7d3"
"C-001","transition-new-institutions","ru","editorial","240","1820","https://constitution.my/p/transition-new-institutions?lang=ru","b7d29954af5c071a0dcc14a33ede19b832f891df5c072c631477b91384f29728"
"C-001","transition-kurultai-elections","ru","editorial","202","1584","https://constitution.my/p/transition-kurultai-elections?lang=ru","3df0f1bffe8576e3e3f4571206e64e88fe1e499091194e8ef13ebaee0bbd5626"
"C-001","constitutional-laws-june-2026","ru","editorial","284","2221","https://constitution.my/p/constitutional-laws-june-2026?lang=ru","b5f5ea9f2cbd99286a0ac75e1a61f550bd310ff942ed175b64026dc6593bf565"
"C-001","transition-period-overview","ru","editorial","317","2228","https://constitution.my/p/transition-period-overview?lang=ru","948a7686698241b33fdf37daaed0bd508b58c7e0c18fd90c00ee7e96f04c2a25"
"C-001","constitutional-court-term-counting-july-2026","ru","editorial","178","1304","https://constitution.my/p/constitutional-court-term-counting-july-2026?lang=ru","93ecd8df7f2b4f88d2fb717cd3b1bd45b9ba2f3f3a7d7a00e39ad25f210ec7ac"
"C-001","kurultai-vs-mazhilis","ru","editorial","192","1565","https://constitution.my/p/kurultai-vs-mazhilis?lang=ru","d85ef7925da3356bf09653c5e1a93224104188642b051e84f2a3f5ee43cecc96"
"C-001","law-on-president","ru","editorial","142","1208","https://constitution.my/p/law-on-president?lang=ru","c0296e25730784c56f46cf4a10d8eb6566c2c66f6bb8dd56787437c5991df07a"
"C-001","vice-president-new-institution","ru","editorial","186","1511","https://constitution.my/p/vice-president-new-institution?lang=ru","d3af11585103c2ec620dbbc88deee2f3eba4986c86d96c5bc9e385e62bb33650"
"C-001","kurultai-election-2026","ru","editorial","228","1705","https://constitution.my/p/kurultai-election-2026?lang=ru","32de9a28e3e981279f2c6cdd0d6719e4fe899c6e1d08ab9de07fd4a0382c5ca0"
"C-001","when-new-laws-take-effect","ru","editorial","203","1499","https://constitution.my/p/when-new-laws-take-effect?lang=ru","ad5424658023f1057ffa3a5718d7f71f5116b933958d2de42877e4e88270c3dd"
"C-001","transition-what-changes-july","ru","editorial","518","4056","https://constitution.my/p/transition-what-changes-july?lang=ru","feb1099fdf92d54ab137d3c60b4cb8160d9fbce224437f8cd7046271d9296d2a"
"C-001","kurultai-how-formed","ru","editorial","172","1347","https://constitution.my/p/kurultai-how-formed?lang=ru","b2f8c8d84ed0c0d339c6438d26f1b2f4db5690ab8780369dad27a6f3c233c791"
"C-001","digital-rights-how","ru","editorial","196","1549","https://constitution.my/p/digital-rights-how?lang=ru","a76a51a6f1ac30a57c1eacadad5a8361493c701df92bb4f9a4c2ab78be46c8c4"
"C-001","referendum-observers","ru","editorial","202","1687","https://constitution.my/p/referendum-observers?lang=ru","1bf585422f9ea2b68793cd413d0ba7f0e75ab21b431cb5aea60ef8feb2bcffec"
"C-001","referendum-why-important","ru","editorial","213","1770","https://constitution.my/p/referendum-why-important?lang=ru","9fbb47433c0b227e676578ab44d69d252bab1ce246b157592ba059aa3c612b3f"
"C-001","referendum-question-text","ru","editorial","202","1574","https://constitution.my/p/referendum-question-text?lang=ru","82cb01c79f9f383a85fca3dee99f3b80109e81aa731442251c091ce3fd1ee60c"
"C-001","referendum-after-vote","ru","editorial","238","1743","https://constitution.my/p/referendum-after-vote?lang=ru","d734957bf91fff2d5e242baf7213cf6de2d952eb3f96e5316f7852bd3fc3a6e9"
"C-001","referendum-what-is","ru","editorial","204","1619","https://constitution.my/p/referendum-what-is?lang=ru","22adcb97eeef8afefcc81c0f45bcf622bd9aa76d372c32eb63631b8275a7ea88"
"C-001","referendum-what-can-be-asked","ru","editorial","182","1568","https://constitution.my/p/referendum-what-can-be-asked?lang=ru","120a7429ab4b74c88e9415aa78bfbd4de8064b10fe46562d98f31022198a193d"
"C-001","referendum-turnout-threshold","ru","editorial","266","1883","https://constitution.my/p/referendum-turnout-threshold?lang=ru","7ce88df93ecc277e97c30512ee80925722da4cf2710581f6a8202034cff9542b"
"C-001","referendum-campaigning-rules","ru","editorial","192","1648","https://constitution.my/p/referendum-campaigning-rules?lang=ru","64b36e874d22249c2ec6e5552acb91bde6faf14f380e493c158287abbf9211c9"
"C-001","practical-entry-into-force","ru","editorial","248","1872","https://constitution.my/p/practical-entry-into-force?lang=ru","c418c8bde840f94cc61fdea986bd6b928bed94611da916ce18f54250c2420f4a"
"C-001","practical-where-to-ask","ru","editorial","206","1643","https://constitution.my/p/practical-where-to-ask?lang=ru","265903d973c81f98b423ee76fdcb0c990d796afba69acbe90dc0802bb768cde9"
"C-001","practical-why-read-before-vote","ru","editorial","224","1643","https://constitution.my/p/practical-why-read-before-vote?lang=ru","1c7a90c0be693108995d91f911ee18b6f959ad97d32621a1ef00dc3e018158d2"
"C-001","constitution-history-1995","ru","editorial","305","2495","https://constitution.my/p/constitution-history-1995?lang=ru","189ab817ef4075afac53fb512464002a65c253d5de866877eb7aa4bafc5aed4f"
"C-001","referendum-myth-change-next-day","ru","editorial","319","2311","https://constitution.my/p/referendum-myth-change-next-day?lang=ru","0de3340d5a0e6077645885b85a1387017eac970e3ae9e29b62bf9f739366c2f7"
"C-001","myths-constitution-always-good","ru","editorial","267","2124","https://constitution.my/p/myths-constitution-always-good?lang=ru","aa5750976fad92358e8e607141853a7885f0e0edb0b960ea96f31b5bdaf572a4"
"C-001","referendum-myth-one-question","ru","editorial","211","1564","https://constitution.my/p/referendum-myth-one-question?lang=ru","e15832ab0f74afaf5f972e5e2bc61b8fe2c0a24cbc1f4d175281453e090b51af"
"C-001","referendum-myth-boycott","ru","editorial","301","2088","https://constitution.my/p/referendum-myth-boycott?lang=ru","78f76ce0f2ddcb92f1a67343cd607285e3be839fceba27f4610d08b8d1e71c47"
"C-001","myths-referendum-vs-parliament","ru","editorial","250","2060","https://constitution.my/p/myths-referendum-vs-parliament?lang=ru","ba4fb290310131033ea50d41154730a0843a4e09c77cbdb8a0966b5c56caa2f9"
"C-001","what-changed-after-vote","ru","editorial","284","2032","https://constitution.my/p/what-changed-after-vote?lang=ru","2359eb5454efe4697acbe65097c2c606eea6e1a1a4a21a74a52e7ce950d00a52"
"C-002","1","ru","editorial","69","571","https://constitution.my/api/glossary?lang=ru","b2ec642c3768b27d605303640f442ba4589598dec64770e2bb7269b7cf4e4cf6"
"C-002","2","ru","editorial","75","523","https://constitution.my/api/glossary?lang=ru","5780d4226d4d1ae27f5395cb1dc7b7c2573b006ca54fe8326b7471eb32502723"
"C-002","3","ru","editorial","64","546","https://constitution.my/api/glossary?lang=ru","895c1d4e2208b76060bef5ecb40ccfe911dde4cf02c5ce51178759b0e74e60aa"
"C-002","4","ru","editorial","65","618","https://constitution.my/api/glossary?lang=ru","10bff758131f059076b05ead1e4ceb138d375e804e596e304212f5ef6d2844ea"
"C-002","5","ru","editorial","45","397","https://constitution.my/api/glossary?lang=ru","498068d5e1552f4f661b0bfda82f889c2a8dada025dc43b509f6fbe910c0224a"
"C-002","6","ru","editorial","61","490","https://constitution.my/api/glossary?lang=ru","bfa298203e4a8b4d66e84d80e9b07c79e4c6978941ca46f9f92a4ae03ffe06eb"
"C-002","7","ru","editorial","52","492","https://constitution.my/api/glossary?lang=ru","ef3d7464c8d3ef1c3300b83f6c412f5d9fb76322dfa9963914bf96ead58767f0"
"C-002","8","ru","editorial","55","437","https://constitution.my/api/glossary?lang=ru","f62dc98b907786a4f28fd2f80a8e2d5253fe7d7b7ec646bf05f0a33faffd3cb8"
"C-002","9","ru","editorial","59","467","https://constitution.my/api/glossary?lang=ru","ceaa84ca2095bfdf24453d7bed45441251590490e13c3d416e151a852433e06b"
"C-002","10","ru","editorial","54","448","https://constitution.my/api/glossary?lang=ru","c306d97aba95c784abdfd328af977dfbdd1bc376bc58b367faeca691aba728ee"
"C-002","11","ru","editorial","38","333","https://constitution.my/api/glossary?lang=ru","60b19a4828d648bf9022bf4fc0620096fb440a0c23e791d69fb96e53f9b80cc8"
"C-002","12","ru","editorial","56","493","https://constitution.my/api/glossary?lang=ru","d10d173f701ffc11cd2193a7d5561c28793bcabbeb3781455f36c84625322dc0"
"C-002","13","ru","editorial","50","413","https://constitution.my/api/glossary?lang=ru","719368a79a4ae6a7753b87dcacf640981568516c275f41cca59ce7895f45bf38"
"C-002","14","ru","editorial","53","463","https://constitution.my/api/glossary?lang=ru","24c69900b153cf2ec2fedd8bbb14277095ca441d45ad005a0d9be290654f881f"
"C-002","15","ru","editorial","51","450","https://constitution.my/api/glossary?lang=ru","ba0a19bc416f5694aac4153cdf3b2c20e5794e78f9e9fd24ce9d1ae6d82bd4ed"
"C-002","16","ru","editorial","52","425","https://constitution.my/api/glossary?lang=ru","c8cb0e5f7b22a4a8e62896ddd62a0f52e8bb017b7da44092c43cc63f2ab4598d"
"C-002","17","ru","editorial","45","401","https://constitution.my/api/glossary?lang=ru","be0e6165123688a3378449ff78a44e0a43f3a12fc9d4f9a8c52f97847294f49b"
"C-002","18","ru","editorial","54","464","https://constitution.my/api/glossary?lang=ru","a2ce86f631a897af78f9f5b045946d9ce43143f71fd6987f4a44ab7383b07729"
"C-002","19","ru","editorial","52","478","https://constitution.my/api/glossary?lang=ru","ebe7ae5d00fbcc4aca6599dcff1063a12193fed5a0b47a173093d593ac8bb80b"
"C-002","20","ru","editorial","55","460","https://constitution.my/api/glossary?lang=ru","914f2954bf2f327486783670203685b143a2c4c9607a7fadbdbe73067f4bbdb0"
"C-002","21","ru","editorial","56","427","https://constitution.my/api/glossary?lang=ru","76a40d761bb18062633568b91de0f33c534bc32299e186cff6df6009182b8400"
"C-002","22","ru","editorial","45","383","https://constitution.my/api/glossary?lang=ru","87392d40f8a47167208fb4b841ee6dc3dfb459c2fbe4adec596ec91824d96d76"
"C-002","23","ru","editorial","48","440","https://constitution.my/api/glossary?lang=ru","d7147ccac4b2bebcba02f3916503ea496945c2efc10bc0eb8239c8268dce6406"
"C-002","24","ru","editorial","45","376","https://constitution.my/api/glossary?lang=ru","243f9d6c63ff7af656fcd3edc1a96355f792e2d514ec5ecf3cd00d3a677884b1"
"C-002","25","ru","editorial","48","425","https://constitution.my/api/glossary?lang=ru","111da33d30cde791daaf06e5b75b19391dc24e937790f802cca9491f131b2c6d"
"C-002","26","ru","editorial","56","466","https://constitution.my/api/glossary?lang=ru","b3010f215460dfe9dbe87b7e7d8f81950070e26e4d1b3107f76a9a786c59e96b"
"C-002","27","ru","editorial","49","424","https://constitution.my/api/glossary?lang=ru","52076a2a491f747d5a59f6784fcc26610b21e0418d3b508e729835b61979c488"
"C-002","28","ru","editorial","51","425","https://constitution.my/api/glossary?lang=ru","39e9da397bd1349c86022403db44317ee3e741c4177e7274ccffef5b22d6c6e3"
"C-002","29","ru","editorial","51","466","https://constitution.my/api/glossary?lang=ru","71351d1add18113925b279a803803cbab2757e6c889efa789f17e14d68629b8d"
"C-002","30","ru","editorial","48","492","https://constitution.my/api/glossary?lang=ru","4e63507e22470a4cbc2a38f72712bc54e17f7f5f4d6b9a9f42325b8b5406b7de"
"C-002","31","ru","editorial","55","500","https://constitution.my/api/glossary?lang=ru","5d81e31f7d7267d2d8d56a37b7d728f6aa43ba24eb45c8e1a46835b1f75fb9c0"
"C-003","parliament","ru","editorial","45","385","https://constitution.my/compare/data.json?lang=ru","a01c1307b232632bf75ddd48995fed027a5b74d44cd4fbccde907c36a6463b0b"
"C-003","vice_president","ru","editorial","42","410","https://constitution.my/compare/data.json?lang=ru","55fba02ba18d13a295b62f35632b24adf908f0f6ab79a49de220ac1412883349"
"C-003","president_term","ru","editorial","55","409","https://constitution.my/compare/data.json?lang=ru","750958e651d492277f0fa499624acdfa31e5b24d1074b7f94cbb49d7ba6387b1"
"C-003","government_formation","ru","editorial","69","668","https://constitution.my/compare/data.json?lang=ru","b87bae46687fe3ff4a7d9d795d4d2818ed6b0bd91f5a60b0abb3efc580d5a22e"
"C-003","digital_rights","ru","editorial","61","472","https://constitution.my/compare/data.json?lang=ru","1a5cee8a380264affd2ec10efff11360c77ae372c4936686a8445e6e0f70cd8d"
"C-003","detention","ru","editorial","47","297","https://constitution.my/compare/data.json?lang=ru","d58981419f385f3f552198c15af0a08f432166b7e9405ea0c3181665dbf08ae2"
"C-003","miranda","ru","editorial","46","342","https://constitution.my/compare/data.json?lang=ru","8703ca74a429f8be5759f6715f1a4458e98d0ca260c69ea321d9ec07ee594698"
"C-003","presumption_innocence","ru","editorial","60","496","https://constitution.my/compare/data.json?lang=ru","73acece54b17ea7070eae47f91372fd7e3585137c7b5b4cb0f92496cc799dfca"
"C-003","compensation","ru","editorial","52","431","https://constitution.my/compare/data.json?lang=ru","6cce07c4a6eead7b0f3327a1d44037d21a38450d0c11ce39791595e17da6b0b5"
"C-003","constitutional_court","ru","editorial","52","453","https://constitution.my/compare/data.json?lang=ru","adf75df88bf62cd35a302e6be6eb5278a37174ac6519805cd1e1ad044ad7c9f3"
"C-003","fair_trial","ru","editorial","51","445","https://constitution.my/compare/data.json?lang=ru","f478ccadf1744158bc6b07cc9acfa617ff25d3c84ee7591c74e4b0c8a824045f"
"C-003","peoples_council","ru","editorial","50","460","https://constitution.my/compare/data.json?lang=ru","bfbd68eb4083913d91e6a8804ea9699ec2f82fb0b91da3c798debdd853a4c032"
"C-003","petitions","ru","editorial","70","553","https://constitution.my/compare/data.json?lang=ru","4292962cdb2048ea585f9f9b14c8f966b367962c123515f2ce2738427704ea96"
"C-003","referendums","ru","editorial","47","424","https://constitution.my/compare/data.json?lang=ru","2a884687e1e1710bc939b678c8f374903150377546ea6157fdbe857a4e132134"
"C-003","freedom_speech","ru","editorial","78","675","https://constitution.my/compare/data.json?lang=ru","1eda9282d780f8f2737fc1a040f789937545029fae6aa58f37dd770db9f8914b"
"C-003","associations","ru","editorial","79","704","https://constitution.my/compare/data.json?lang=ru","b12f5264498ebb7a1c4092385ee3bfdfea9092b5577f1fb69c675f819f95b40c"
"C-003","assembly","ru","editorial","68","542","https://constitution.my/compare/data.json?lang=ru","2dfe3091ec74960ea28dc633560bfb2a2b0ee9a51b5be5b7b04bd2df8825d11d"
"C-003","treaty_priority","ru","editorial","62","617","https://constitution.my/compare/data.json?lang=ru","124feef43d00af0ff57045aa2044296a0d3376055ea4185095d9382dd2a57119"
"C-003","sovereignty_language","ru","editorial","58","558","https://constitution.my/compare/data.json?lang=ru","b426fc129f68dd034f1c980216865bd8cd2d4ba13d206878b88191a45335258a"
"C-003","education","ru","editorial","47","468","https://constitution.my/compare/data.json?lang=ru","628ad8319515fb0ae0fc36220242e5faee0600d0aba9e7aa4a49f3409534bd38"
"C-003","healthcare","ru","editorial","47","420","https://constitution.my/compare/data.json?lang=ru","71b7fd4702a6fc52e27c38a56a1a9f66ea3c77a239d32e3265a7ce4736e4b224"
"C-003","ecology","ru","editorial","58","519","https://constitution.my/compare/data.json?lang=ru","c6497cc9da82b3ba89c4c86db7f84b75e051200ec0ce3247a826c11734364eb1"
"C-003","preamble","ru","editorial","61","501","https://constitution.my/compare/data.json?lang=ru","29b7dba3ac855738230d99912f8f176c4e4f57c36ae5748552014b46cec8d383"
"C-003","language","ru","editorial","58","489","https://constitution.my/compare/data.json?lang=ru","f4306519e56807cd48153adc5f1d111e12c1579b2bc4018eb36b85a6616be3a3"
"C-003","citizenship","ru","editorial","85","729","https://constitution.my/compare/data.json?lang=ru","e40512519b6001b5f822879294a230c9f9f7d96611811f2585769b86e1ca9914"
"C-003","marriage","ru","editorial","53","450","https://constitution.my/compare/data.json?lang=ru","f0c7b15c58b893e5db4de7980a124730e9951506ce1cdd0f40c498432bbebdc8"
"C-004","status","ru","editorial","81","574","https://constitution.my/tasks/status?lang=ru","5e34f9060210abbf99d720d4ed5504d46158b4b92b758633dd562fa56dbdf193"
"C-004","source","ru","editorial","72","542","https://constitution.my/tasks/source?lang=ru","e87d76f8e6488fe28c030e09a5181dde335db6e8bcda771d56182abad8077cc3"
"C-004","brief","ru","editorial","67","533","https://constitution.my/tasks/brief?lang=ru","643103a7b8897a306132521d27e23399ed93df5851aaba67a14c7ae949380d43"
"C-004","remedy","ru","editorial","152","1132","https://constitution.my/tasks/remedy?lang=ru","4b61f0b25dd8270f961b9ec018015a668123760031f121064809daf8401242de"
"C-004","participation","ru","editorial","177","1399","https://constitution.my/tasks/participation?lang=ru","e141207368bbc687b8528331ab6aa8bfddcbc2aa0a6931fa4ca0c87700eb4580"
"C-004","access","ru","editorial","178","1381","https://constitution.my/tasks/access?lang=ru","52ef7536d3247ff98bcb3a3c97acb09dc821b71adcc568aba1cdacfefc287458"
"C-004","school","ru","editorial","142","1054","https://constitution.my/tasks/school?lang=ru","2382200b38f657db7cd3baa8f281964d31fe134d30283ed8e05cf004d815a15d"
"C-004","first-steps","ru","editorial","168","1252","https://constitution.my/tasks/first-steps?lang=ru","9f9332ea86561563ce97ccb51b0ed4a0cb74f81ac1964e2c4c4c916ea1ead0aa"
"C-004","business","ru","editorial","178","1372","https://constitution.my/tasks/business?lang=ru","554d2b4010e3670808ef2e48a324b0e4306f43bd4a20e6dc61913820a73f62f4"
"C-004","work","ru","editorial","172","1351","https://constitution.my/tasks/work?lang=ru","012eb08109b7fd778dd969539808a2fdf69da0ca740a67838e74d7eb2d14a4b5"
"C-004","family","ru","editorial","177","1311","https://constitution.my/tasks/family?lang=ru","ad7b5f3be7ba779f2a203922fc9a943175e29a5723188efd6febff0a903fd6ea"
"C-004","environment","ru","editorial","118","952","https://constitution.my/tasks/environment?lang=ru","9e0744fa12e238e4b8a4453085c8e72241ec0366896428259b36f9406b811691"
"C-004","equality","ru","editorial","157","1192","https://constitution.my/tasks/equality?lang=ru","d28f4fa08227c906812a205e205826fc4bb30ab28167aac6e3f444cae9732a86"
"C-004","media","ru","editorial","165","1248","https://constitution.my/tasks/media?lang=ru","5f40a20268f2a563ee2796550228421f6a15b6d2010b4a62cedb2e263cdce43a"
"C-005","constitution-1993","ru","editorial","13","128","https://constitution.my/timeline.json?lang=ru","d4c1faec305b9696cec6de68c64888fe8fa2cc46de77f56a7963fb143c122c45"
"C-005","constitution-1995","ru","editorial","22","150","https://constitution.my/timeline.json?lang=ru","b4949a30a981b66e0ef26a4c5b3166d7e664caf26597376d1e2bccc241e2fee9"
"C-005","reform-2007","ru","editorial","15","128","https://constitution.my/timeline.json?lang=ru","1a3a1a19bbaf68d9ae45260c64820c659e779019a8ab1d0fb6e0341eb9778b55"
"C-005","reform-2017","ru","editorial","13","115","https://constitution.my/timeline.json?lang=ru","454c8390b85868b4a9363a5fd0beb14c937eba583604ee849ff971217cbc4b5f"
"C-005","referendum-2022","ru","editorial","18","124","https://constitution.my/timeline.json?lang=ru","214e30e4eb458be7f37d4a542a1adb5822f1a76a510b8491db28d3a09211c8e3"
"C-005","drafting-working-group-2025","ru","editorial","15","124","https://constitution.my/timeline.json?lang=ru","c4206f2a8e37b82d45956c624adb6677e4f04788190c3ad13b36f98127c6152f"
"C-005","public-discussion-2025-2026","ru","editorial","18","140","https://constitution.my/timeline.json?lang=ru","cf46b6baf1bb7e249bb3da220ae1e18d21f4539e68c44afa86e9f4154232ecf7"
"C-005","referendum-2026","ru","editorial","19","134","https://constitution.my/timeline.json?lang=ru","9186a0430a12dd564df0eff92b5269570f2441e3c3fb18f392a7b7ea1da58bed"
"C-005","constitutional-laws-2026","ru","editorial","16","125","https://constitution.my/timeline.json?lang=ru","6acd639dde1ff39a18467e99723b1e933221e9b8ca616da6fbf369e1d220261b"
"C-005","constitution-effective-2026","ru","editorial","21","149","https://constitution.my/timeline.json?lang=ru","7b7f64ae1946ff94b415fbcfb057e74fdb55f427e9a4ac071814618db8e8a1e3"
"C-005","kurultai-election-called-2026","ru","editorial","16","124","https://constitution.my/timeline.json?lang=ru","ed3e01d3583d7e1830d8088a108e81ee73d4b7c47f06f740ae35ff12db3c9cd9"
"C-005","kurultai-election-2026","ru","editorial","17","117","https://constitution.my/timeline.json?lang=ru","419da1a53a390581c779bc6ce567c8c9319ccfc39cbf469b24a6b3be9a176023"
"C-005","kurultai-start-expected-2026","ru","editorial","21","173","https://constitution.my/timeline.json?lang=ru","80ecf9097446a2cd9eff2a94272abb693b67e9414536388c4b5e9fd2719d779d"
"C-006","law-on-constitutional-court","ru","editorial_supplement","30","224","https://constitution.my/implementation.json?lang=ru","02ceadd1845b4ecadd57c18b4a3a6e4a17184d9cad35ed7986871659d28d7f0f"
"C-006","law-on-president","ru","editorial_supplement","24","208","https://constitution.my/implementation.json?lang=ru","478b2cb903b668c55a6757fd7240fdfdd9888c0061c79623a0a8a43bdc833324"
"C-006","transition-what-changes-july","ru","editorial_supplement","32","243","https://constitution.my/implementation.json?lang=ru","1d4e174b4fd74fd652dc6f29c2996f219891b2774a173516b9999cd815e3b7e0"
"C-006","law-on-kurultai","ru","editorial_supplement","26","183","https://constitution.my/implementation.json?lang=ru","8790c9ea1a7ac973dfdfcb17fccd9d317cfaf7f9dd1c719b9c96d26a9c79dd31"
"C-006","transition-new-institutions","ru","editorial_supplement","36","297","https://constitution.my/implementation.json?lang=ru","7f11c1720302d542fc69b5accd7fbd4968d3bfc7c38a5a481cbb591bbe7aa313"
"C-006","transition-period-overview","ru","editorial_supplement","30","240","https://constitution.my/implementation.json?lang=ru","f0a3a127941878f653569d7d7baee0d547a85796d69a29c356ac0d44afee0dde"
"C-007","legal-claim-precision-2026-07-26","ru","editorial","56","457","https://constitution.my/updates.json?lang=ru","e526f541e2dc587d0a243bd5f82c28c73a4eff5b68b1b3478f52198d717835ac"
"C-007","public-ai-and-source-surfaces-2026-07-18","ru","editorial","63","409","https://constitution.my/updates.json?lang=ru","02aba6f410b119816d88839aea8f53d29c6ce9eba6201e61420f30e373598100"
"C-007","verified-source-registry-2026-07-18","ru","editorial","58","460","https://constitution.my/updates.json?lang=ru","d4dc225d62c24e7b73386e74f59a778a3424f544fe3b898d232eb990ed6df487"
"C-007","current-constitutional-status-2026-07-16","ru","editorial","63","425","https://constitution.my/updates.json?lang=ru","db7b7ea9b3b00402ce0605dde05abda5d0f08c8defed6bf925a9c7b835ef3587"
"C-007","legal-interoperability-2026-07-14","ru","editorial","54","453","https://constitution.my/updates.json?lang=ru","e7f40000e11c9337221203f1aa5a084f4e4eaedf907d805175e071b1a959395f"
"C-008","basics","ru","editorial","123","895","https://constitution.my/api/basics?lang=ru","15b603d2fece94af4e26fc470a886023ecad212b5639cccb4fd2443e74f7395b"
"C-008","about","ru","editorial","186","1581","https://constitution.my/about?lang=ru","adb40e49b06472fe8c43257402c273e15f7422db31da6637e1668a25e8677870"
"C-008","editorial-policy","ru","editorial","215","1887","https://constitution.my/editorial-policy?lang=ru","9196f849458acd588cceb4d0f02140c82b479d04d347cc8969122c14a64913ac"
"C-008","methodology","ru","editorial","239","1999","https://constitution.my/methodology?lang=ru","eb6d778e8ac6c9cefeaacbde177b9fc5712d5b796fc5827cae4b4d9f9fdeeb17"
"C-008","corrections","ru","editorial","277","2299","https://constitution.my/corrections?lang=ru","83d5e8b7d3bdff95880fb8a7e31e2cf5e968e0eec3328afeade327e58d029527"
"C-008","press","ru","editorial","346","2724","https://constitution.my/press?lang=ru","fc8244918b855990cfb8d5f8b98112ffaf8d6db187f7ed1263804897309469a5"
"C-008","roadmap","ru","editorial","187","1416","https://constitution.my/roadmap?lang=ru","45e6593436f80fbec7b9f9c09be4932895be4566368d55b94b95813c4d126d63"
"C-008","tools","ru","editorial","503","3747","https://constitution.my/tools?lang=ru","2dadf4347aae7cd1b6240e54ce6bfacd3bfd4e01b585122a627c9a4bfb8efbcb"
"C-009","constitution-2026:preamble","ru","normative","91","781","https://constitution.my/full-text?lang=ru#preamble","37ffd7113adf352e39ba7a5df9c49a818d8788447dda71882d9af1b9a531be7f"
"C-009","constitution-2026:article-1","ru","normative","17","151","https://constitution.my/full-text?lang=ru#article-1","d2c2a06312286fcbcfe2aa31e9dcac93f4f158cffc091e1e831e60e625e87f0b"
"C-009","constitution-2026:article-2","ru","normative","77","789","https://constitution.my/full-text?lang=ru#article-2","0317e5d80f04df9bc6bea87e55b177baa436973bd2c737954da788235692f101"
"C-009","constitution-2026:article-3","ru","normative","67","690","https://constitution.my/full-text?lang=ru#article-3","f125033d001e190c369dbd99b42ab45848386b8ee4693cfc0bc2e4d79bf8b1ac"
"C-009","constitution-2026:article-4","ru","normative","108","885","https://constitution.my/full-text?lang=ru#article-4","999bf19d441632d2c9b68ce51cd54bd284e90bfaff806c9a9afdd999fe86ad2f"
"C-009","constitution-2026:article-5","ru","normative","162","1432","https://constitution.my/full-text?lang=ru#article-5","c3099db14bc29c4360c11927e1cee0b8ec7188f05dc81a8bcd2d5f8869884a80"
"C-009","constitution-2026:article-6","ru","normative","169","1520","https://constitution.my/full-text?lang=ru#article-6","f544d56af900bca91dc8f80441c051a160c74650c62b7be96ffd3a8e46db24e4"
"C-009","constitution-2026:article-7","ru","normative","44","359","https://constitution.my/full-text?lang=ru#article-7","667283a8569ed160af52f4ee36051056a78769b1d380f5553856c4970c6278f4"
"C-009","constitution-2026:article-8","ru","normative","96","750","https://constitution.my/full-text?lang=ru#article-8","574721059533e42699e561c3d6552aa303b26a6f9f46bf784e3eaa588dd8ee40"
"C-009","constitution-2026:article-9","ru","normative","36","290","https://constitution.my/full-text?lang=ru#article-9","1c11134ecf26d04132247a0e371f9d985d0ed92ed8f06eaf45ec84a002b432d4"
"C-009","constitution-2026:article-10","ru","normative","26","229","https://constitution.my/full-text?lang=ru#article-10","02cca2a9f4036983538474d60e72555c9cf990830290178ed3651cb7a2e767a3"
"C-009","constitution-2026:article-11","ru","normative","19","195","https://constitution.my/full-text?lang=ru#article-11","d0780b4b79abaae57d426e51493d71f953376767a7066ddf1928ff96bbb08d14"
"C-009","constitution-2026:article-12","ru","normative","52","378","https://constitution.my/full-text?lang=ru#article-12","45a530d69fde20446ee0382bbd4084741b9b12ab6c842765a747d881fe9724d6"
"C-009","constitution-2026:article-13","ru","normative","100","833","https://constitution.my/full-text?lang=ru#article-13","7ed197fbf2a075616a19626b8fab4d515bc98bb303e08040ffd6c7f5d6e49041"
"C-009","constitution-2026:article-14","ru","normative","32","253","https://constitution.my/full-text?lang=ru#article-14","7a659f64c4cf6d9e89abb3c3c3b8efd007118a968a242a85679a99e855d35dc8"
"C-009","constitution-2026:article-15","ru","normative","124","981","https://constitution.my/full-text?lang=ru#article-15","5b2d6f327acfb6b7c2be9cefeb136d6eda11480d365a86e170d9e5151dd4d8e6"
"C-009","constitution-2026:article-16","ru","normative","52","422","https://constitution.my/full-text?lang=ru#article-16","521c6ce4e21446e9d4ffd8b9b142fa797c682457ebf6d436f545a728b2c83338"
"C-009","constitution-2026:article-17","ru","normative","22","155","https://constitution.my/full-text?lang=ru#article-17","3db2ec0845b21a87531c2f90cd6947c51cc8a176aa8e0731a3eebdddb20070dd"
"C-009","constitution-2026:article-18","ru","normative","71","583","https://constitution.my/full-text?lang=ru#article-18","5705c7f55eed03a7525a85c8e7a6e4d7ae1bf34345c6436e5a327ed6150731db"
"C-009","constitution-2026:article-19","ru","normative","63","495","https://constitution.my/full-text?lang=ru#article-19","2bc2b1e25a40caf89fcb800c3ed35b7942395aa1743395d6fbc3e8651b8a8808"
"C-009","constitution-2026:article-20","ru","normative","25","201","https://constitution.my/full-text?lang=ru#article-20","24f4f8ff2b77d89192fbfc30c445a822327f20f22289fd1f68c19438071ff606"
"C-009","constitution-2026:article-21","ru","normative","97","786","https://constitution.my/full-text?lang=ru#article-21","f0dc3c246c7b7c78526defccd626f312b72ff126b380bdb3309dfdba5881a943"
"C-009","constitution-2026:article-22","ru","normative","29","233","https://constitution.my/full-text?lang=ru#article-22","4ec3b9351a9903fa51b4305ddba34f7e99a3d5709642865799a68a9e442c7ec7"
"C-009","constitution-2026:article-23","ru","normative","112","1037","https://constitution.my/full-text?lang=ru#article-23","b8fe3a39a459bad816733d1eca99c8624b4c259897ae935c2d25000d071d49d5"
"C-009","constitution-2026:article-24","ru","normative","57","464","https://constitution.my/full-text?lang=ru#article-24","0f97a44d84489072eaea7c30b4d017c9c8c1e62506d4b572b4390edbae66e146"
"C-009","constitution-2026:article-25","ru","normative","24","184","https://constitution.my/full-text?lang=ru#article-25","e455000df23f063643c3b7499a12e9717740108cb39e955e2f76553b4d8c49b1"
"C-009","constitution-2026:article-26","ru","normative","65","582","https://constitution.my/full-text?lang=ru#article-26","070b41595e1233f8d29500ddf5730bbe0a88cc0217d6ed3f5f931376503821c8"
"C-009","constitution-2026:article-27","ru","normative","97","765","https://constitution.my/full-text?lang=ru#article-27","ea340508ac4188ccdad27047c728f7d986c986f438391d661d572b398c12269f"
"C-009","constitution-2026:article-28","ru","normative","59","429","https://constitution.my/full-text?lang=ru#article-28","d55dd0ebe86b7cd73a25051962a342b1c5c11dae876deeeb99befce1194dcacf"
"C-009","constitution-2026:article-29","ru","normative","77","701","https://constitution.my/full-text?lang=ru#article-29","0d40b1bdd6bd7e4b4b004a012db02128390fcb28229bd91533e1be51453cc2a0"
"C-009","constitution-2026:article-30","ru","normative","48","373","https://constitution.my/full-text?lang=ru#article-30","c2aa439ede039548242e87daed3317751c01063d8fad03fbc132d0764a3df19c"
"C-009","constitution-2026:article-31","ru","normative","41","368","https://constitution.my/full-text?lang=ru#article-31","ea02c6228e4dad79f1fc023b53332bda4444ab4abe54c041184cff778fb895fe"
"C-009","constitution-2026:article-32","ru","normative","49","390","https://constitution.my/full-text?lang=ru#article-32","d18e3d4feaf649706adc6af512554dc5277fc98f552bc4af80c986f456fc6733"
"C-009","constitution-2026:article-33","ru","normative","90","783","https://constitution.my/full-text?lang=ru#article-33","a63bcf46dc572119f46dc9ecefff0da76bd1164e2b5aeb8c8fd37bce6ab27e14"
"C-009","constitution-2026:article-34","ru","normative","37","309","https://constitution.my/full-text?lang=ru#article-34","ca32a0fb5b8c6e6f54543a147d6412a7a456dd39f362fe7aa1c9c09da2e76344"
"C-009","constitution-2026:article-35","ru","normative","164","1378","https://constitution.my/full-text?lang=ru#article-35","f9e5624afb65f1aef5e54b732ba3436bd6a06b65183ee842464997e438b0e440"
"C-009","constitution-2026:article-36","ru","normative","27","222","https://constitution.my/full-text?lang=ru#article-36","87a58a3d89c511446de5c2ea5eaecc742aea47795efcdefa0f33ef64b75dcddd"
"C-009","constitution-2026:article-37","ru","normative","45","358","https://constitution.my/full-text?lang=ru#article-37","42626f94d489bd01f8af5ae119019f76928d48745d9466f04a1b29f98996bd95"
"C-009","constitution-2026:article-38","ru","normative","14","112","https://constitution.my/full-text?lang=ru#article-38","7ffe5acced657fb48f73024af5c46fb3823082b6001ab9699ca3dd96f33ab958"
"C-009","constitution-2026:article-39","ru","normative","24","181","https://constitution.my/full-text?lang=ru#article-39","0882f0a425f836fa72a3732f5432738d2c82d1bb020847b89c060a0b3b16fc10"
"C-009","constitution-2026:article-40","ru","normative","18","151","https://constitution.my/full-text?lang=ru#article-40","636d6c9d79985a1808e075fc845707a50c04092a7d9332616d2ee6c08cd6e43d"
"C-009","constitution-2026:article-41","ru","normative","87","646","https://constitution.my/full-text?lang=ru#article-41","d74ca8e73447b51fb6f6b219b0972cfc39e98ed8722bbeefde6e27f3e1906c6d"
"C-009","constitution-2026:article-42","ru","normative","69","606","https://constitution.my/full-text?lang=ru#article-42","92e96a7a51f4dd5ce6fa8c211fddfb2574720c0f293497afa6c3e8d54cfb1a67"
"C-009","constitution-2026:article-43","ru","normative","176","1369","https://constitution.my/full-text?lang=ru#article-43","a148e229c84635d7b1c01f0d793a08dc6b3392ffc1b0d18bcf4c4a1e4ca3329f"
"C-009","constitution-2026:article-44","ru","normative","193","1584","https://constitution.my/full-text?lang=ru#article-44","4460e9b6e3b0af2e3882bce13d2e45882c1682a1b710f8496c45006b467674fc"
"C-009","constitution-2026:article-45","ru","normative","45","434","https://constitution.my/full-text?lang=ru#article-45","cfdc90a98fb0b1d088d281288b5afbcaa2d425f7f859f21b2c5887d1b1ff8cd7"
"C-009","constitution-2026:article-46","ru","normative","669","5838","https://constitution.my/full-text?lang=ru#article-46","11b8efa2e4d90bcf64422f2cdd5092464e11c4423b0ab0fc93e40257a8a80fb8"
"C-009","constitution-2026:article-47","ru","normative","95","821","https://constitution.my/full-text?lang=ru#article-47","831307233949af252b67e3ae052d19004bbcfec59224d21192beba4d402d3d6f"
"C-009","constitution-2026:article-48","ru","normative","55","482","https://constitution.my/full-text?lang=ru#article-48","d42e2ffa6b741a8ce1f8560c46178af64b65176e52754f90daea3e6e86967410"
"C-009","constitution-2026:article-49","ru","normative","74","668","https://constitution.my/full-text?lang=ru#article-49","2b17410175e59e96e46e979e743016c9b25a112c8bbd2a582b4de988b8187ad6"
"C-009","constitution-2026:article-50","ru","normative","304","2483","https://constitution.my/full-text?lang=ru#article-50","452bc105fcf1051e3749154ca57e8110245d798e8e86e238d4f549cf2020b953"
"C-009","constitution-2026:article-51","ru","normative","252","2082","https://constitution.my/full-text?lang=ru#article-51","ee7bd45f27cc00f0164647e29a3728b26cb003abb34809b06c53e8493931bf73"
"C-009","constitution-2026:article-52","ru","normative","58","485","https://constitution.my/full-text?lang=ru#article-52","8bab886b749a473fb1848b08408a3d177059b43ec534f90ff96b36130ebf4a5a"
"C-009","constitution-2026:article-53","ru","normative","31","270","https://constitution.my/full-text?lang=ru#article-53","094b6154bf5135a8af4812ff2564cf084580aa85a0d35cd6bbd1717b8dc6d565"
"C-009","constitution-2026:article-54","ru","normative","88","692","https://constitution.my/full-text?lang=ru#article-54","8a0f2c9ed81e7c912e2389c24cc61e2f86ff6f3325d3d2f9a2375775580d9645"
"C-009","constitution-2026:article-55","ru","normative","260","2096","https://constitution.my/full-text?lang=ru#article-55","f62da8b965b20ce219b8361499457e2b3bf11df938c710f6d18ac4898a322f53"
"C-009","constitution-2026:article-56","ru","normative","454","3717","https://constitution.my/full-text?lang=ru#article-56","9ab269ba6f3f9411bfd755edb7f16ba5087a8198f82df54aa743973c0ff28f08"
"C-009","constitution-2026:article-57","ru","normative","146","1242","https://constitution.my/full-text?lang=ru#article-57","ecae9cc9194aba160ba26b95d831eafff4ca12d08cb77f3573cc7c46dc88e0f4"
"C-009","constitution-2026:article-58","ru","normative","160","1272","https://constitution.my/full-text?lang=ru#article-58","ab6fd4dd4192141a429d4c86db60c1a3cc75608e19cc0a50b5d3ea19f6df7ec1"
"C-009","constitution-2026:article-59","ru","normative","23","186","https://constitution.my/full-text?lang=ru#article-59","632f3455c035ea5a9381fcbaf9ab7b70ed56aa9ab3f8f123874c0d309999e05a"
"C-009","constitution-2026:article-60","ru","normative","404","3414","https://constitution.my/full-text?lang=ru#article-60","ac76255ea24d382310aee2f0a77c2307ce560bd298230fa5034d5cb884ec51f3"
"C-009","constitution-2026:article-61","ru","normative","114","968","https://constitution.my/full-text?lang=ru#article-61","b1f292295c427fe1de48e1b77dcf6e9aebfa44f5d65966893ac41a28e13ebda0"
"C-009","constitution-2026:article-62","ru","normative","86","663","https://constitution.my/full-text?lang=ru#article-62","aaa8c8047a76ac4c490c6b8641e05b1c6e86acb2f08294705978abe2f0326dfc"
"C-009","constitution-2026:article-63","ru","normative","56","526","https://constitution.my/full-text?lang=ru#article-63","03b479eb980f25bace810aa950780ba69e8ed83ebe381b10d0cb02a51e02367d"
"C-009","constitution-2026:article-64","ru","normative","40","370","https://constitution.my/full-text?lang=ru#article-64","e7514045bb84b106015a149312822c68855b263cc2fd6a162143d477dc0e62ff"
"C-009","constitution-2026:article-65","ru","normative","121","1055","https://constitution.my/full-text?lang=ru#article-65","2ec0abb9203df7c6d2605f10a70c7594b1ed3665da41fe0b4583a1d2efa92dbc"
"C-009","constitution-2026:article-66","ru","normative","44","390","https://constitution.my/full-text?lang=ru#article-66","d2f49651d318e939aeb92a6a9f914f2d6198a14d5dffc42cf8a4ba368e9f505d"
"C-009","constitution-2026:article-67","ru","normative","90","798","https://constitution.my/full-text?lang=ru#article-67","729315d28df890befac479de441ff36d6c907c262aeef548123c95f486e075c8"
"C-009","constitution-2026:article-68","ru","normative","43","390","https://constitution.my/full-text?lang=ru#article-68","512ec32d6c953c6ddcb76d321b5f441503e51ad65bda59a4babe8610226cc49f"
"C-009","constitution-2026:article-69","ru","normative","126","1081","https://constitution.my/full-text?lang=ru#article-69","094f4d82ef3d6799a3ba1d2f86b443b34e2e375319e670a3847aa07f89a4e4bb"
"C-009","constitution-2026:article-70","ru","normative","38","337","https://constitution.my/full-text?lang=ru#article-70","8e9a705c6145a07e911a3ac5101964cc5517ce8f9f790dcfd1c5622ce1674a78"
"C-009","constitution-2026:article-71","ru","normative","51","471","https://constitution.my/full-text?lang=ru#article-71","d37f28957595a548a5a850a2ff30438f396e2bd07ecfdaf57a580db9e24ddcf3"
"C-009","constitution-2026:article-72","ru","normative","223","1917","https://constitution.my/full-text?lang=ru#article-72","7e02979f75c5e1a9525466e1032cd8fddb8bed97ee1348d78678bd293d57d19b"
"C-009","constitution-2026:article-73","ru","normative","236","1938","https://constitution.my/full-text?lang=ru#article-73","a9c06767275f67e9186dd5869bfe15d2adc17974d214901c0ae09bbbbb7f0ab2"
"C-009","constitution-2026:article-74","ru","normative","73","586","https://constitution.my/full-text?lang=ru#article-74","f0fc4c368fe4064c5b9d7616d4859e8b89c5237074448fcb4164ad65a5f1f626"
"C-009","constitution-2026:article-75","ru","normative","129","1028","https://constitution.my/full-text?lang=ru#article-75","df2d72380052ee0f8acbbd2b4a5177f972891eb859901eb8536df81066b55362"
"C-009","constitution-2026:article-76","ru","normative","65","591","https://constitution.my/full-text?lang=ru#article-76","1b3614cec8c4e809e0f9b8e4b61f52101a6321b2cf5de0c3e6caa068db8dec21"
"C-009","constitution-2026:article-77","ru","normative","72","578","https://constitution.my/full-text?lang=ru#article-77","94d13a2f82790e93ccc1b0fc7d68dd1138185d248140d67708017092d0902ef6"
"C-009","constitution-2026:article-78","ru","normative","126","940","https://constitution.my/full-text?lang=ru#article-78","8370ab87ef2591f4e97065f5edbc4e5697590f3eb607d31e8c221cbf9b6ec4c4"
"C-009","constitution-2026:article-79","ru","normative","58","441","https://constitution.my/full-text?lang=ru#article-79","99021911d75e6450ced09dbd381af9c7a36f1bac361acf994a60090975006453"
"C-009","constitution-2026:article-80","ru","normative","114","1018","https://constitution.my/full-text?lang=ru#article-80","c360dab9d312166c75335319f67af5bbc1197e6a7af60781f4385956cbcf9d15"
"C-009","constitution-2026:article-81","ru","normative","20","183","https://constitution.my/full-text?lang=ru#article-81","8723356c928a4cfec4a76ae3090bc1f79bd8b76cfee9186a3ef83874e47a326c"
"C-009","constitution-2026:article-82","ru","normative","36","278","https://constitution.my/full-text?lang=ru#article-82","c163736964b781fc4a2292233beefca3a6e5acec86b186d7c45ba83b8c41f90d"
"C-009","constitution-2026:article-83","ru","normative","119","951","https://constitution.my/full-text?lang=ru#article-83","dd161c9ffaf14ec8361f8845ff16c8e6b8e540be91d5fca67b98a42dc522491d"
"C-009","constitution-2026:article-84","ru","normative","152","1276","https://constitution.my/full-text?lang=ru#article-84","56d88c7c1b8924d9930a7b716ed989b2f24c8dee071a55c163024e7172639a7c"
"C-009","constitution-2026:article-85","ru","normative","111","925","https://constitution.my/full-text?lang=ru#article-85","bc32f5da79831c847af476ae43ab9e57a47f4a6ae88acca4c83f8169c98fbd7e"
"C-009","constitution-2026:article-86","ru","normative","40","356","https://constitution.my/full-text?lang=ru#article-86","eb85ee64a1fc26a7e44037253f949a172f0c1bd476934ae53e51a68574e57724"
"C-009","constitution-2026:article-87","ru","normative","17","173","https://constitution.my/full-text?lang=ru#article-87","08cebf40fcf500549ed0949368dec461e9952fcc0a2bf5383fa5c5ae0ad67ae0"
"C-009","constitution-2026:article-88","ru","normative","185","1570","https://constitution.my/full-text?lang=ru#article-88","65ba7c436833fdcffb3e7973e87de3e93dba167ab392c789e1f24184695364ed"
"C-009","constitution-2026:article-89","ru","normative","289","2573","https://constitution.my/full-text?lang=ru#article-89","71a96f960ccf0ef81acb99c68dc550ec5c955369165c550a117ad9c5bfe4a18e"
"C-009","constitution-2026:article-90","ru","normative","82","702","https://constitution.my/full-text?lang=ru#article-90","283a47667294442d58242375248bbaf8a8407def192f9d43720708e84187bd35"
"C-009","constitution-2026:article-91","ru","normative","74","690","https://constitution.my/full-text?lang=ru#article-91","5454dd0cd13c89c77b85890df06d060ded9049fa04bacdbf6452196cbb7e4fc5"
"C-009","constitution-2026:article-92","ru","normative","85","710","https://constitution.my/full-text?lang=ru#article-92","9d834c00a4ce2f1cade6de83f92d191849b90d0534ad57246abeef44303d52f7"
"C-009","constitution-2026:article-93","ru","normative","30","221","https://constitution.my/full-text?lang=ru#article-93","bc68b59369fdfadb1b370b0939f9daca11edcb4775bab89d7504532316908e6c"
"C-009","constitution-2026:article-94","ru","normative","39","339","https://constitution.my/full-text?lang=ru#article-94","23b1c9037bb41e7212c1df0659676929b9a43216c80c1e6be36c0d043fe53ee6"
"C-009","constitution-2026:article-95","ru","normative","251","1946","https://constitution.my/full-text?lang=ru#article-95","ca1428e60381beb8eaff9a927c0ad958980fe8399c0673df0d983304483e82a5"
"C-009","constitution-2026:article-96","ru","normative","76","623","https://constitution.my/full-text?lang=ru#article-96","8bad21004a2f8814681893284636e0fc489c39b8b040ac48e62b13888e129fb9"
"C-001","full-text","kk","editorial","298","2577","https://constitution.my/p/full-text?lang=kk","238b3935d6222722691f277543741ff01ad59336e8f66efe750e83e422db2d09"
"C-001","how-developed","kk","editorial","368","3238","https://constitution.my/p/how-developed?lang=kk","bc46fe5bd8c32d81f4d8244da0051be78b96b0e7fadbac88a2a9ee361020b7e7"
"C-001","constitution-how-to-read-simple","kk","editorial","191","1567","https://constitution.my/p/constitution-how-to-read-simple?lang=kk","6c49bc204a0ebf17201c7d69968d7003ba3d691d0c9ae41bfb7deb329f8e9428"
"C-001","why-update","kk","editorial","431","3658","https://constitution.my/p/why-update?lang=kk","37f8ad7f9666896fd12b7d11281b56a0fccbd93a2da1ee1d6c9b48cf18372689"
"C-001","constitution-levels-of-law","kk","editorial","269","2318","https://constitution.my/p/constitution-levels-of-law?lang=kk","2410d1c1f47541c3000cbd73fa3cce84aa6fdd694218796db8d29ccf85de1fcd"
"C-001","what-is-constitution","kk","editorial","262","2229","https://constitution.my/p/what-is-constitution?lang=kk","f5cd0fb45fb80b082a8645352af7556992d900114e0ad5871fa24c9381698e02"
"C-001","key-changes","kk","editorial","494","4401","https://constitution.my/p/key-changes?lang=kk","c9cfcfde38a89e5ebc9b43ec0ccb0ff1416a8b87c20509cadd732e7c9414ae2b"
"C-001","rights-limits","kk","editorial","320","2449","https://constitution.my/p/rights-limits?lang=kk","7bfbee1b2c63bd0f07ca62668ff8ac5e6aa3e747e951b71b1985d225937543cd"
"C-001","constitution-direct-effect","kk","editorial","190","1621","https://constitution.my/p/constitution-direct-effect?lang=kk","566eedfab9a6f7c71587f53102b63bed05db2a01269d2b2b3f829c4615cd2ab7"
"C-001","rights-obligations","kk","editorial","180","1547","https://constitution.my/p/rights-obligations?lang=kk","033b315d9053db05d615081ac830867775d64e0bcf643367aaf66c6184d00869"
"C-001","rights-digital","kk","editorial","272","2393","https://constitution.my/p/rights-digital?lang=kk","299e7697fcf9bf9a9640b680b2cd885471f98bd4c61c1ccd20ccbec0fc4352e6"
"C-001","rights-emergency-regimes","kk","editorial","282","2218","https://constitution.my/p/rights-emergency-regimes?lang=kk","600fc728a5768fce5ba7d80a466f25f9d4f47c4c7935285d716f531f53358339"
"C-001","rights-basic-list","kk","editorial","296","2488","https://constitution.my/p/rights-basic-list?lang=kk","99c851ab6ef27aad244a09a723708506a97ac145efc5a5ef5f2a33c3bdb67251"
"C-001","life-personal-data-leaked","kk","editorial","244","2056","https://constitution.my/p/life-personal-data-leaked?lang=kk","053bcf8892c90a1b1cfbbf0540c8b54c43cdef4b86d0de01d8c8a9e77d1fa866"
"C-001","life-detained-by-police","kk","editorial","168","1376","https://constitution.my/p/life-detained-by-police?lang=kk","2cbc0429dd173679987b29b9159d388a015a5078d50892a228d98c4da92327b8"
"C-001","rights-how-to-protect","kk","editorial","438","3494","https://constitution.my/p/rights-how-to-protect?lang=kk","af41cb07f5527cf522f81bc1739a0d379f9806ad879df81afcf3cb9a01d6e212"
"C-001","rights-detention","kk","editorial","147","1171","https://constitution.my/p/rights-detention?lang=kk","b76f36eccd51cb0761f46a31ea350873b92b8e3cb7b661668b5909ba12e70c7b"
"C-001","national-bank","kk","editorial","172","1578","https://constitution.my/p/national-bank?lang=kk","c663e5cad3674344d85c7a5feecf380126aa5b380dd1a5cf4a204c1000457b31"
"C-001","government","kk","editorial","282","2697","https://constitution.my/p/government?lang=kk","c1da9a602c8238b254e176acd847302dc4be8e898651b1d00ed45e426e5ba774"
"C-001","kurultai","kk","editorial","371","3411","https://constitution.my/p/kurultai?lang=kk","b5b63d48f2902d5fc8c978374b64dbfbcf37aa17abe65930f8a57653a16f14c4"
"C-001","president","kk","editorial","379","3610","https://constitution.my/p/president?lang=kk","9a3bee12986dc138e8fa86633d88755473a946fc10dc0ffc15d5bca82e305ef1"
"C-001","vice-president","kk","editorial","279","2657","https://constitution.my/p/vice-president?lang=kk","8e822bce26307b790060c3bdeaad406598b2eda02b575cceb6c11896299969b3"
"C-001","local-government","kk","editorial","244","2378","https://constitution.my/p/local-government?lang=kk","50e19e587587c8da8091c7c38507d90408fd973c091a25672f91e9f67bf7ba9f"
"C-001","prosecutor","kk","editorial","238","2044","https://constitution.my/p/prosecutor?lang=kk","66f8481c20de24e6be02f4e633ad24231ccfd209cd3340bc97f17310b762d72c"
"C-001","constitutional-court","kk","editorial","317","2764","https://constitution.my/p/constitutional-court?lang=kk","113ef850e8113b17625e627a857fd48e6c24dfcc56b0cb6ea4d7ede684ad3084"
"C-001","local-maslikhat","kk","editorial","260","2289","https://constitution.my/p/local-maslikhat?lang=kk","7266cc338bba60684f70fc5c9d500c6b83808159c2bbae4e2124b2e746a9a6a6"
"C-001","local-self-government","kk","editorial","205","1955","https://constitution.my/p/local-self-government?lang=kk","64171de4f414760da5aece7cfb051c6561369f8ef9d63b325d565eced1d21603"
"C-001","local-why-it-matters","kk","editorial","220","1905","https://constitution.my/p/local-why-it-matters?lang=kk","1ee4a69bc85f739a1eece234529bedaa52175c5476aa6a0c18875bd595c28c61"
"C-001","local-halyk-kenesi","kk","editorial","234","2011","https://constitution.my/p/local-halyk-kenesi?lang=kk","53bce5a3f8f41af0c815264523181701de6f8286214d9036fb95d2c5d537045f"
"C-001","local-citizen-participation","kk","editorial","217","1907","https://constitution.my/p/local-citizen-participation?lang=kk","c25403c025044b0e5e619caa29340097a0b61d3e472127ce0073f681dafbf8ba"
"C-001","local-akim-role","kk","editorial","238","2102","https://constitution.my/p/local-akim-role?lang=kk","88364c9373a0ae0e0a8053252f1609d97afac747c5f2ddfa0a7595b6b2aadcfe"
"C-001","public-control","kk","editorial","313","2733","https://constitution.my/p/public-control?lang=kk","b2eff9d2d9f3cd92ddea2424207325a45309a2301f6a8b716cd8900b7c0a3b77"
"C-001","petitions","kk","editorial","238","1999","https://constitution.my/p/petitions?lang=kk","70ce015d9b378c2dd2bf4d868de497d982f361a73ff0e810de2c3fb977ca16f8"
"C-001","peoples-council","kk","editorial","260","2176","https://constitution.my/p/peoples-council?lang=kk","725196db3530de69dfb0e3745e33abe7470223cea0b7100997c7447b516f33de"
"C-001","civil-society","kk","editorial","254","2233","https://constitution.my/p/civil-society?lang=kk","b5b78c90d02bf0a94758cdbc84a1fd5b4d6dabe5ece64987ca8e1267a1554190"
"C-001","practical-international-treaties","kk","editorial","178","1430","https://constitution.my/p/practical-international-treaties?lang=kk","f3d4d595fc0738853ed922938c134cd6abc004e43e973b49a1899c85937b9ffa"
"C-001","practical-how-to-discuss","kk","editorial","204","1532","https://constitution.my/p/practical-how-to-discuss?lang=kk","13e1c1f4a0702db5fa946eb02b7cc0d491fe694bb365aae196166a505623ac41"
"C-001","practical-what-changes-for-me","kk","editorial","267","2328","https://constitution.my/p/practical-what-changes-for-me?lang=kk","c30c4d267b2deb92e3294b1856fa99945f0db6b1b06f5d58f88e4019177ee5dd"
"C-001","practical-how-to-check-information","kk","editorial","245","1963","https://constitution.my/p/practical-how-to-check-information?lang=kk","656704d28390e5cfdd77e8803bbbdad51150759def0f168aa906424592f3f9de"
"C-001","life-fired-from-job","kk","editorial","250","2186","https://constitution.my/p/life-fired-from-job?lang=kk","3dc3027b6810ade06a11e383b6590a3719d004fd49beb39ff85e1dd4a6a11968"
"C-001","life-start-business","kk","editorial","209","1697","https://constitution.my/p/life-start-business?lang=kk","2d9d9db534d32b1ffa7528f4ad4f2173162414d77d03f4b13beba262454fd872"
"C-001","practical-property-and-business","kk","editorial","190","1568","https://constitution.my/p/practical-property-and-business?lang=kk","4862d3f263ad5c6c3fc20dfe07fd8735825b72f0dc7899401e426458d28d35b1"
"C-001","life-child-school-refused","kk","editorial","228","1868","https://constitution.my/p/life-child-school-refused?lang=kk","0c498504d6e5979e337205ac8dc057245f704ba4f9a176fc1213efb6c6619f21"
"C-001","practical-education-health","kk","editorial","198","1631","https://constitution.my/p/practical-education-health?lang=kk","de6de7fe83467fadbaf8fc7311a55da494a007296838e5ba16dcb98553f54a70"
"C-001","constitution-how-to-read","kk","editorial","266","2222","https://constitution.my/p/constitution-how-to-read?lang=kk","b7e16b29faf58e2f54ef93355db4f5f957eef6e23cc245449fae86cc03884cd8"
"C-001","constitution-reforms-2022","kk","editorial","417","3575","https://constitution.my/p/constitution-reforms-2022?lang=kk","609cd31642c4cbf0416bcb4c1552f4b0894c77940b8259a738fba0fb9ce77b47"
"C-001","constitution-history-1993","kk","editorial","252","2220","https://constitution.my/p/constitution-history-1993?lang=kk","effa45059c501092af70382bffe959d30a7630a3c069b28d235d4741dd85eb01"
"C-001","constitution-history-path-to-2026","kk","editorial","268","2209","https://constitution.my/p/constitution-history-path-to-2026?lang=kk","46240d2e15ebfbb27552640e98b9bd81de2c68c55ebf1c58d079df6c01ba28cd"
"C-001","myth-halyk-kenesi-replaces-parliament","kk","editorial","120","990","https://constitution.my/p/myth-halyk-kenesi-replaces-parliament?lang=kk","3e98ee81946dc94bfc5ac2e4e856960f11932d039b2599c6bfc48ed1f3fef103"
"C-001","myth-kurultai-same-as-mazhilis","kk","editorial","145","1161","https://constitution.my/p/myth-kurultai-same-as-mazhilis?lang=kk","a0bb7f384b60f35c501f94f5abbf0edbbb09064ec56789f7e4ff8f964e7be9db"
"C-001","myths-constitution-doesnt-work","kk","editorial","245","2008","https://constitution.my/p/myths-constitution-doesnt-work?lang=kk","56117d4255303f0b24bcede812ab3aecead6b1d4a9cb4788cd08d7d99946ed3c"
"C-001","myth-constitution-solves-everything","kk","editorial","144","1242","https://constitution.my/p/myth-constitution-solves-everything?lang=kk","c22ab0e538d3aaf401e9776f3fd6d030392e63015a53cf2f0a11a3bd9ad59e76"
"C-001","myths-rights-vs-duties","kk","editorial","203","1768","https://constitution.my/p/myths-rights-vs-duties?lang=kk","a166208090566283ae67a9b54210c545db6198c8d4c756992546cd5aec451151"
"C-001","myth-any-constitution-good","kk","editorial","234","1878","https://constitution.my/p/myth-any-constitution-good?lang=kk","7967903d391e13b977fd10716791b6adea6fa8c009faa972b39b3f8b0df58a6b"
"C-001","myths-law-vs-constitution","kk","editorial","212","1659","https://constitution.my/p/myths-law-vs-constitution?lang=kk","6027d9527f1324dde21c964c2717463ef2f7868c7d9f391ada3e33a59e61e828"
"C-001","law-on-kurultai","kk","editorial","167","1362","https://constitution.my/p/law-on-kurultai?lang=kk","e322573e4354fbb3d1e6ec61c7f2ba9fa325c69e1685813b1e129cb1948c10e0"
"C-001","law-on-constitutional-court","kk","editorial","143","1248","https://constitution.my/p/law-on-constitutional-court?lang=kk","66f400c22344f78834dafd072e38c0cfb20d00b8fb7cc673cf017aeff8c902e4"
"C-001","halyk-kenesi-how-formed","kk","editorial","150","1265","https://constitution.my/p/halyk-kenesi-how-formed?lang=kk","7bb3de78055d6b3e2360469c8a50a461da6c9f417a67aaf96c1fc764f86566c0"
"C-001","vice-president-when","kk","editorial","169","1484","https://constitution.my/p/vice-president-when?lang=kk","927d0c0eb6d442a4af4b146d66645e67ff5a7fd7f59b1a3db23975e574bd6a4d"
"C-001","transition-new-institutions","kk","editorial","230","1897","https://constitution.my/p/transition-new-institutions?lang=kk","8c6bbaf54e7bb7e5e84dc3e9b9924e37edd457565a557f07f4f4ce733530de79"
"C-001","transition-kurultai-elections","kk","editorial","189","1552","https://constitution.my/p/transition-kurultai-elections?lang=kk","1e25b59a0ee7a4c6b4c495d94ae730a800416674d70fb169377aa2ef3bddf97c"
"C-001","constitutional-laws-june-2026","kk","editorial","248","2030","https://constitution.my/p/constitutional-laws-june-2026?lang=kk","1c5eb877f3f2f233e85d295a2cbd0849655e4d8de202dde8bf169585807a4ac4"
"C-001","transition-period-overview","kk","editorial","314","2352","https://constitution.my/p/transition-period-overview?lang=kk","039e223444caf7162d149b68c16b6c37a34ba3212714eed271f0483e87f8c212"
"C-001","constitutional-court-term-counting-july-2026","kk","editorial","162","1342","https://constitution.my/p/constitutional-court-term-counting-july-2026?lang=kk","4cf7e3db08e376ac665f95101aeb1f836f5266d1be7999b448dab1ec67a6a102"
"C-001","kurultai-vs-mazhilis","kk","editorial","168","1438","https://constitution.my/p/kurultai-vs-mazhilis?lang=kk","237216b395c7a46103ffed62285bf295c40412ff59b79a1ffa5405b41d5013e1"
"C-001","law-on-president","kk","editorial","127","1170","https://constitution.my/p/law-on-president?lang=kk","3f8b85b98f6e6961784b6e930a30e8c5625b96027bd2e1e1dda1635efb92c0f9"
"C-001","vice-president-new-institution","kk","editorial","156","1331","https://constitution.my/p/vice-president-new-institution?lang=kk","e20c4ad8008e1a8380466ceb16ed3f6757aeb14ee24863563d3afbfc5f64dfc1"
"C-001","kurultai-election-2026","kk","editorial","227","1786","https://constitution.my/p/kurultai-election-2026?lang=kk","d143dae9bbd79009004d77393bc4d868b01a359662e86d9688b0e6be7b725bd5"
"C-001","when-new-laws-take-effect","kk","editorial","191","1549","https://constitution.my/p/when-new-laws-take-effect?lang=kk","02f7ced0c178cd14d19aa95d162a676bf45bca0ad63e347b7491f03bcbc8d028"
"C-001","transition-what-changes-july","kk","editorial","386","3180","https://constitution.my/p/transition-what-changes-july?lang=kk","62e24583b9f33f624718280985bd14cc95a18ac2355b6778d7174ca4d7ebefcf"
"C-001","kurultai-how-formed","kk","editorial","172","1416","https://constitution.my/p/kurultai-how-formed?lang=kk","4cb00ba928da7c19225e410e937ec98a388d70bb2ba975e9d1f523930d0518a2"
"C-001","digital-rights-how","kk","editorial","150","1252","https://constitution.my/p/digital-rights-how?lang=kk","83e00ce8fe573126710fa4aae595c8b6bfd93e0aa42dcd2cee86f90ce614c05c"
"C-001","referendum-observers","kk","editorial","174","1576","https://constitution.my/p/referendum-observers?lang=kk","4ca12e0d0750b2ab716251654554b35d7d6e555b265be12406ac5db467ccd15e"
"C-001","referendum-why-important","kk","editorial","200","1621","https://constitution.my/p/referendum-why-important?lang=kk","196a708bbc00284254a4c84d574096e80f97a23d962d1bc4ce2c9f5c9de54fd9"
"C-001","referendum-question-text","kk","editorial","204","1746","https://constitution.my/p/referendum-question-text?lang=kk","a7cf0b1ccc1ed4710c2117e7f0c0ca65df05bbd83d3176347ddc3f5eab706628"
"C-001","referendum-after-vote","kk","editorial","241","1795","https://constitution.my/p/referendum-after-vote?lang=kk","e95a1d7de12678ad31c524f617d1e0525dee602adc3da0c83b4aa193d831eadd"
"C-001","referendum-what-is","kk","editorial","215","1728","https://constitution.my/p/referendum-what-is?lang=kk","214cfc98b07db8bf8ebf7049e32f44df7c40be1bec08d480509d93b72df743d6"
"C-001","referendum-what-can-be-asked","kk","editorial","194","1732","https://constitution.my/p/referendum-what-can-be-asked?lang=kk","a6ee641c4091fe628329b5ff98156eaf5bf35e62e37a837d7b43ceab0086515b"
"C-001","referendum-turnout-threshold","kk","editorial","298","2303","https://constitution.my/p/referendum-turnout-threshold?lang=kk","da37ca0685c8be3c1c9707399fb3cce032ac1a0ef0691998f3ff930259419e5a"
"C-001","referendum-campaigning-rules","kk","editorial","204","1767","https://constitution.my/p/referendum-campaigning-rules?lang=kk","36133e23b24a6d5ce125273d172338be2711cf6d6936764cf58afee08ce5a459"
"C-001","practical-entry-into-force","kk","editorial","239","1890","https://constitution.my/p/practical-entry-into-force?lang=kk","58cdcc7de664d17062ff00ce85519c27dd80af049d806509ffe8c5e34dc79806"
"C-001","practical-where-to-ask","kk","editorial","197","1671","https://constitution.my/p/practical-where-to-ask?lang=kk","92ff01c80627df889888815fd89d19a745c2e5beb46b07319db7439872193f99"
"C-001","practical-why-read-before-vote","kk","editorial","220","1681","https://constitution.my/p/practical-why-read-before-vote?lang=kk","febee436bdf797416d9691839e81c7bdcce16443acc89b431629f182890b1cae"
"C-001","constitution-history-1995","kk","editorial","341","2738","https://constitution.my/p/constitution-history-1995?lang=kk","b0b4651d6d67b1239496f8123c7e68bf7b68beae56080324e9d995fc16660aab"
"C-001","referendum-myth-change-next-day","kk","editorial","329","2444","https://constitution.my/p/referendum-myth-change-next-day?lang=kk","7ad3bf272a6af395afb7726844f60eea722cbe89b10d3e69967313d56b10b3f0"
"C-001","myths-constitution-always-good","kk","editorial","307","2489","https://constitution.my/p/myths-constitution-always-good?lang=kk","7ac1e53450348bf745d9ec09c2dda0cb771b530e16a9bb6a2a69ea668b9a190b"
"C-001","referendum-myth-one-question","kk","editorial","265","2099","https://constitution.my/p/referendum-myth-one-question?lang=kk","8b646518dab22c07d4bf9183f0c13c9d608e4bbd903d263888570f46f5cd73f0"
"C-001","referendum-myth-boycott","kk","editorial","332","2394","https://constitution.my/p/referendum-myth-boycott?lang=kk","f2e5e6bb016b207c5bba6da243323414e0141fd8853da83b8c1bb1647e8efd1f"
"C-001","myths-referendum-vs-parliament","kk","editorial","215","1821","https://constitution.my/p/myths-referendum-vs-parliament?lang=kk","22c23906f3fedd6941b0d504d456bfb05b1c88f94bd27964bc6af86d47a882b5"
"C-001","what-changed-after-vote","kk","editorial","288","2191","https://constitution.my/p/what-changed-after-vote?lang=kk","5a9de6ea6eebdc65291e72aa677e1dafabd197cfd2f30d0b889d198dbb5fd119"
"C-002","1","kk","editorial","67","569","https://constitution.my/api/glossary?lang=kk","a9f1432c32977b6c5286a65221cbb87d89f9362b3498496b802927d7b728c0f9"
"C-002","2","kk","editorial","74","560","https://constitution.my/api/glossary?lang=kk","16ff2caa022a319cfccf8c4a67a27ee63caf6a716b606773648ba8932e367595"
"C-002","3","kk","editorial","56","465","https://constitution.my/api/glossary?lang=kk","5bc510ff156c1e1e0b8473afac2c0aed55d0b15f7df79c3cb0ca4e5a6f8a9504"
"C-002","4","kk","editorial","44","417","https://constitution.my/api/glossary?lang=kk","4e31dd45c026ab5ce385a528db755a11dc06991b81b8c0e5e4a5d74b247af6ca"
"C-002","5","kk","editorial","43","400","https://constitution.my/api/glossary?lang=kk","7f2bd32cd4fce341619a924fab5ea683c0e92336558b9b59c477d69948fb55ed"
"C-002","6","kk","editorial","47","421","https://constitution.my/api/glossary?lang=kk","9952b851de3b0b7afeb334cdde8391a01010de17d7bccef35b22ba2df9b5ca29"
"C-002","7","kk","editorial","39","376","https://constitution.my/api/glossary?lang=kk","8a67e8d597a9159641e31d3323bff146c9913ada66ae55ca84bc15f1e064d308"
"C-002","8","kk","editorial","33","310","https://constitution.my/api/glossary?lang=kk","e5b5587b4d959aca8e320d395854b826b07b3a9ff228734ed5703121e576f290"
"C-002","9","kk","editorial","45","430","https://constitution.my/api/glossary?lang=kk","6aecd870ea8a720a784f5c972f824cec22f7bb78503dd578914368770700a5dd"
"C-002","10","kk","editorial","42","352","https://constitution.my/api/glossary?lang=kk","6c2ee0365aae86cad2c59c742710cf4e5aa70d082c2ef3a9422a820c46cc3c13"
"C-002","11","kk","editorial","38","349","https://constitution.my/api/glossary?lang=kk","9f09c9d4bdf325fb0176b8c93415ae8b73315c4b1418c7c8aa4897c775e678c7"
"C-002","12","kk","editorial","53","484","https://constitution.my/api/glossary?lang=kk","8aebdaa3efbf01f3784e17a91add01390de86249be2fd62bf36639a72dfdfad2"
"C-002","13","kk","editorial","43","375","https://constitution.my/api/glossary?lang=kk","e5a9fe7c6f3de2c3feefa38f8ac1570b4af885408fada495f2eb8ed1b52815e9"
"C-002","14","kk","editorial","56","516","https://constitution.my/api/glossary?lang=kk","92f6226fadd2a2b51391ad6aa411eb8a326eaeff4524d2276eb455d07eccdad1"
"C-002","15","kk","editorial","52","458","https://constitution.my/api/glossary?lang=kk","cba5b6a507e795c38e32e96f14967434a49b73ae9cb4aa5c3a339ce14a5a7c2a"
"C-002","16","kk","editorial","43","366","https://constitution.my/api/glossary?lang=kk","a587540c4b10ddc6738c89d6e0cd2cf006183e1e28ec2ff848b3404b5eb17614"
"C-002","17","kk","editorial","42","362","https://constitution.my/api/glossary?lang=kk","42a6d363ff1dff21365b5f1517d3abbc0350ed9eb1df372ca3518f340c7f8220"
"C-002","18","kk","editorial","50","450","https://constitution.my/api/glossary?lang=kk","06af905f1ecf78c936d53484fce396d29b8d117fd7b9be04d25455e437afd7c6"
"C-002","19","kk","editorial","49","438","https://constitution.my/api/glossary?lang=kk","6d317cef3c9c43ba49ac23a03a3d3ec5a89f9b454004c563db30e5aa220415dc"
"C-002","20","kk","editorial","48","422","https://constitution.my/api/glossary?lang=kk","009d9690095a3989f88d7c4d387dce2976d8c652f1b8ad8c3fdea6318493a3e2"
"C-002","21","kk","editorial","49","408","https://constitution.my/api/glossary?lang=kk","97144239caf9f29400524fc655eb568878f5ee8d1b27c181d7dff3b89c367af5"
"C-002","22","kk","editorial","43","380","https://constitution.my/api/glossary?lang=kk","a059bcb4d9c930359343d65f805e9573f605520d02d12f3aad4cee7a8d032e6d"
"C-002","23","kk","editorial","47","433","https://constitution.my/api/glossary?lang=kk","30e4faf1548cfa7ac93b55e4510a9acb97c1e949b384cf35f98730ba6b1730d5"
"C-002","24","kk","editorial","40","373","https://constitution.my/api/glossary?lang=kk","4e9c0c3e46bda5d5e6c858c74bb68d34b709f4699813c504e11178b9c1ac74ec"
"C-002","25","kk","editorial","48","453","https://constitution.my/api/glossary?lang=kk","ddfde98eec87152e61c15ff4c239a12c724004136e15ffc3470f49623846e249"
"C-002","26","kk","editorial","52","476","https://constitution.my/api/glossary?lang=kk","ef91159ed58c30a5b4c8eeb9b29fa82a5c6d7e490ccf06a3e646749e6fb3a546"
"C-002","27","kk","editorial","41","385","https://constitution.my/api/glossary?lang=kk","190c78ef2e08add51ed6c9af95a29058bc5e9d492d95dbbc638ead02a26b43d0"
"C-002","28","kk","editorial","44","369","https://constitution.my/api/glossary?lang=kk","bbb98016eaaa1827bfa6f446e49d92265e2ac7c21708ce8890d3cd93e7306758"
"C-002","29","kk","editorial","50","419","https://constitution.my/api/glossary?lang=kk","6d1de801a2fbd45c15f4e376bbeff0b4d2902ad1cc1ecbb97beba16c5d98f472"
"C-002","30","kk","editorial","42","424","https://constitution.my/api/glossary?lang=kk","54cb4716bb2c1e4a7236b3b6bbf0e380082fa88f3e12818ef715411cf13d633e"
"C-002","31","kk","editorial","55","524","https://constitution.my/api/glossary?lang=kk","2b80f335c960b4a6a8254e55383fec9fbfb1fc4087097ba57cb64500203f0689"
"C-003","parliament","kk","editorial","47","364","https://constitution.my/compare/data.json?lang=kk","b66f8add65ea6bbf9036fa0f5a7a8d63eae700c0b34b7f8b736fd042a268c3f6"
"C-003","vice_president","kk","editorial","42","404","https://constitution.my/compare/data.json?lang=kk","9098718c1a384b78cbe3b6f03ec67a3d9d177c17ce55d361dfd52f650fb5e52c"
"C-003","president_term","kk","editorial","49","362","https://constitution.my/compare/data.json?lang=kk","4a60c3f106bec638b88e9ef1391a53796036c70a1707d028da7ff74fe84f0dff"
"C-003","government_formation","kk","editorial","64","600","https://constitution.my/compare/data.json?lang=kk","991465009bd30f158869c3b5a4ef6e19e6c5e95cb14ab359f0971d47430249aa"
"C-003","digital_rights","kk","editorial","53","447","https://constitution.my/compare/data.json?lang=kk","88abdc2dea97c343174014aeabec4000fab7a0ad33dba1282dd19245ea4d2214"
"C-003","detention","kk","editorial","38","280","https://constitution.my/compare/data.json?lang=kk","3fd5b379e0450e42374ad5470087c74beb5c429fd3ae2ffec2b3f5405e5d060a"
"C-003","miranda","kk","editorial","45","360","https://constitution.my/compare/data.json?lang=kk","3a52302f55eb1a3fe194b0ade8bc2d8d87bc39ab2dcae39c01fcca4932d6c483"
"C-003","presumption_innocence","kk","editorial","48","388","https://constitution.my/compare/data.json?lang=kk","8a8f92784accf404c7671c98cbda8c1ad30cd8e52b179c0d6a8e9d4e8186a36b"
"C-003","compensation","kk","editorial","48","427","https://constitution.my/compare/data.json?lang=kk","88846905000f36f8080bc9793f25d2f235eaf01210231c650a53e3af4c9b830f"
"C-003","constitutional_court","kk","editorial","43","409","https://constitution.my/compare/data.json?lang=kk","b7e3764fc413409a7da337bfe65958869951c27184ee65a18bf123f180a9c47e"
"C-003","fair_trial","kk","editorial","43","386","https://constitution.my/compare/data.json?lang=kk","2a0f2733e5f904ca548a70066bf45673114faf01d6c808f013691045eed26566"
"C-003","peoples_council","kk","editorial","41","360","https://constitution.my/compare/data.json?lang=kk","a351eb2c06991013aaa996e62d051e725a2fdd4dd705507bdad7e17985119626"
"C-003","petitions","kk","editorial","64","553","https://constitution.my/compare/data.json?lang=kk","2115ac91938276bb38c948bfcdfd126206d1ff27d5307aeeb984037ede421765"
"C-003","referendums","kk","editorial","29","302","https://constitution.my/compare/data.json?lang=kk","5ade9c3bdd7af6cedf38beaa232647fe713ab331dc17ec41a01db7b0dfd79bd4"
"C-003","freedom_speech","kk","editorial","57","500","https://constitution.my/compare/data.json?lang=kk","9c55138725ddf8fcb7bfb22bcc2b2e55c37010144b05fb13dd17a94d9abcc6bf"
"C-003","associations","kk","editorial","60","509","https://constitution.my/compare/data.json?lang=kk","3dfc23e9933036ffb7b9e54ad25736eb2cae819fca4838c379c0639f3fd892a7"
"C-003","assembly","kk","editorial","45","396","https://constitution.my/compare/data.json?lang=kk","2ee92abaa75aac7f3235160c938175976a57db73a2e7ee6df80a2d143e92e4f1"
"C-003","treaty_priority","kk","editorial","45","451","https://constitution.my/compare/data.json?lang=kk","4f3380995d7cb017a5b35a2b346666cb43dfd5733603b6dca775c98e3d297e55"
"C-003","sovereignty_language","kk","editorial","54","495","https://constitution.my/compare/data.json?lang=kk","56f597bd88dae3b5792d0585935a833e6cd50316a51cfed487a81c663dc7b407"
"C-003","education","kk","editorial","46","368","https://constitution.my/compare/data.json?lang=kk","b4a34853d4d552607ec754c2790e671f50c06cff2a7e3d1e6a51dc6f30dba6c0"
"C-003","healthcare","kk","editorial","42","354","https://constitution.my/compare/data.json?lang=kk","1f57f03e9c17cd524f8b5234c5e9da5d6ddaf95d0a2a5a10b087dc4b27e938a7"
"C-003","ecology","kk","editorial","57","504","https://constitution.my/compare/data.json?lang=kk","d65c580ff34eba4613bd72d07e3a0434d5ea0081f0f206907f12000e9534e915"
"C-003","preamble","kk","editorial","56","470","https://constitution.my/compare/data.json?lang=kk","d1e860690e7b5d44804f26fb6597ba5e673d1a42991d504634ed10487b5601bd"
"C-003","language","kk","editorial","56","462","https://constitution.my/compare/data.json?lang=kk","0a0f79554ff8870ec4a1ad2bc4a8f3a3d48d253db7f561e8d2d83a5f1a2be6e1"
"C-003","citizenship","kk","editorial","62","519","https://constitution.my/compare/data.json?lang=kk","93dfd8527049d34811a1b30e0ecad0fb4883875f0172207c34eba728d3eec349"
"C-003","marriage","kk","editorial","46","362","https://constitution.my/compare/data.json?lang=kk","6099200395667b928cc07a3b66f3042fbb8cb53762a6fb5ecc014c7a501ee456"
"C-004","status","kk","editorial","77","610","https://constitution.my/tasks/status?lang=kk","726cddc10082b0b5e05c40316a070294fa9f93af7df192dab0931de3cbbf48dd"
"C-004","source","kk","editorial","64","528","https://constitution.my/tasks/source?lang=kk","f87991f48c02555812e4eb2d1f2078b14ee8d544f2f2246cfa9c522a26fa62dd"
"C-004","brief","kk","editorial","68","571","https://constitution.my/tasks/brief?lang=kk","0d79e2ca9c5c301589877d7329845c0b98bf2745daf47f6586b6b05e3aa26530"
"C-004","remedy","kk","editorial","138","1119","https://constitution.my/tasks/remedy?lang=kk","4cbd11d5bbf018179b709d05b2b532fd5bb11178855869e90b107c31a2239d2c"
"C-004","participation","kk","editorial","169","1381","https://constitution.my/tasks/participation?lang=kk","93fb42ed9a1890f7a191c1767a3ebfa50d2fa60f8e5816c0b5d545203626908b"
"C-004","access","kk","editorial","175","1471","https://constitution.my/tasks/access?lang=kk","e82559112b3d460c940d453aceabf1e2e64f91b709ff32c6e7bab5282ea0800a"
"C-004","school","kk","editorial","144","1159","https://constitution.my/tasks/school?lang=kk","92a5cf1bc8933f68540ef5f61af24438994ffc7185512e8667699a3fa1a69efa"
"C-004","first-steps","kk","editorial","159","1256","https://constitution.my/tasks/first-steps?lang=kk","022d783ae843a84cdcd33bbaefb5e814b5e305ef94aa9880aacc63800d29e3ae"
"C-004","business","kk","editorial","170","1362","https://constitution.my/tasks/business?lang=kk","27fefac536f63d73ef9639cfc8a677808b9661b9dfa916f9b0d4fa8532bc0f07"
"C-004","work","kk","editorial","173","1388","https://constitution.my/tasks/work?lang=kk","7e679852929ff2163348aa0735c675bbb66179e612eca573c45f41e4ffda34a5"
"C-004","family","kk","editorial","173","1436","https://constitution.my/tasks/family?lang=kk","3b767bd1905081f67aa2a549d5ff055fa0318231b5f13dee24c04eeb22bbac6d"
"C-004","environment","kk","editorial","121","967","https://constitution.my/tasks/environment?lang=kk","df52822c2bf7c7866807a205b3c874826872b48cd8e60e04613135a4a5adef3e"
"C-004","equality","kk","editorial","150","1198","https://constitution.my/tasks/equality?lang=kk","1f97c3709586ff7e17eda653e8bea92accfce0a44af0fe4cde86c5d5a14a8fcd"
"C-004","media","kk","editorial","157","1291","https://constitution.my/tasks/media?lang=kk","898b6b6e4bc6c59347baafef7bcc89d7d3c3623178a4c573ab03eb6fd3419fe4"
"C-005","constitution-1993","kk","editorial","14","133","https://constitution.my/timeline.json?lang=kk","d9b6192e5c2f82683a042b5dc3282b1c94e555c15f30893587c52f01577d7dfa"
"C-005","constitution-1995","kk","editorial","19","154","https://constitution.my/timeline.json?lang=kk","59d1f4493dff5a4a23a7cd653ba7f227c93b6b0d401d58410d8e6cc58d303803"
"C-005","reform-2007","kk","editorial","16","139","https://constitution.my/timeline.json?lang=kk","bc7fcdb426c514a5aa1c15ad2aed10c10f10a9e6921c2bbc075f6578002cd194"
"C-005","reform-2017","kk","editorial","15","116","https://constitution.my/timeline.json?lang=kk","0090d6fc873276118e8f64fde3600c11c202d6c9fb78181841b3500cabf8fc93"
"C-005","referendum-2022","kk","editorial","20","148","https://constitution.my/timeline.json?lang=kk","ac7af277ec805629f3268fdd413fb4efce6d616ef56cc35280dbd33862175ef0"
"C-005","drafting-working-group-2025","kk","editorial","16","118","https://constitution.my/timeline.json?lang=kk","7853b911830cfc6a3bcf85000461592784cacf03193b2fa63874df64cdacdfa7"
"C-005","public-discussion-2025-2026","kk","editorial","19","148","https://constitution.my/timeline.json?lang=kk","c660976f122fa3bf29bd24e2e6887ae020c49d9d75121f1711323695b1209fad"
"C-005","referendum-2026","kk","editorial","21","159","https://constitution.my/timeline.json?lang=kk","b31fb782745f9f88fff99d81cfcbf823e570c3b9fa61067f3fc556a7f8bc5343"
"C-005","constitutional-laws-2026","kk","editorial","18","139","https://constitution.my/timeline.json?lang=kk","132273390fb1f224e1572f7d64d5e50b7ee8aa1c7936cf224d380b42023171b2"
"C-005","constitution-effective-2026","kk","editorial","21","162","https://constitution.my/timeline.json?lang=kk","05436491965b48431cc5acc1f405f623edbda8a6ff085a14bb4f98846020bd91"
"C-005","kurultai-election-called-2026","kk","editorial","17","147","https://constitution.my/timeline.json?lang=kk","3857f9dd8843cd859e73e5da8bfdf4c289f0ad758f923fc0fd575682eb97da2c"
"C-005","kurultai-election-2026","kk","editorial","18","135","https://constitution.my/timeline.json?lang=kk","9f9ca1cc3a1afc2eced3433dd234fb27542bc7a39facee04f03f8f10a19a313f"
"C-005","kurultai-start-expected-2026","kk","editorial","20","165","https://constitution.my/timeline.json?lang=kk","af1adb5b7350ebf0114926ef90bd565958547838fa7a597c9b489f22da7b0ddb"
"C-006","law-on-constitutional-court","kk","editorial_supplement","30","248","https://constitution.my/implementation.json?lang=kk","9d1283c6ecda5c7e2fa277e7d79854b73c29d0f02e682c14be9743344ed7d6e7"
"C-006","law-on-president","kk","editorial_supplement","25","229","https://constitution.my/implementation.json?lang=kk","0d3b09b010bcc665b036a78d4f2bcca49c6add7f668829d3b278b5d07d20f9e9"
"C-006","transition-what-changes-july","kk","editorial_supplement","29","249","https://constitution.my/implementation.json?lang=kk","7a5a5799fb2d490cdefcc32bdd6e885c9aa1ff17e46e20b4bb31c595d3589ac4"
"C-006","law-on-kurultai","kk","editorial_supplement","24","199","https://constitution.my/implementation.json?lang=kk","9fabe8bc2e574175194992d9ec1177299c08608b5c59889671f65d2f4abb2de5"
"C-006","transition-new-institutions","kk","editorial_supplement","37","296","https://constitution.my/implementation.json?lang=kk","2b3f46ad8541d2b945e5f5ac713115e7fbc890a42b7726286a7ab127eb15c45e"
"C-006","transition-period-overview","kk","editorial_supplement","29","227","https://constitution.my/implementation.json?lang=kk","d1d0c7a89957416e54f6fe680fe770fb64569eea5f32d2303c9144706c353197"
"C-007","legal-claim-precision-2026-07-26","kk","editorial","51","456","https://constitution.my/updates.json?lang=kk","09c06358d93e33c6c41ad67a54c1d933c80e82ac0be36a27f7b6e85341f8f92e"
"C-007","public-ai-and-source-surfaces-2026-07-18","kk","editorial","62","442","https://constitution.my/updates.json?lang=kk","1bf1759b8f8757fcc5733d77363362c4a111161b3a561c73959f043afa806322"
"C-007","verified-source-registry-2026-07-18","kk","editorial","57","453","https://constitution.my/updates.json?lang=kk","2ead7e3a829dc5dd483d3a2c651dbae3cc48371c3c6a9b8c98a01d3696fa1beb"
"C-007","current-constitutional-status-2026-07-16","kk","editorial","62","454","https://constitution.my/updates.json?lang=kk","afcdf4ae70fec9b367ec98256edfc4f157596b74cd446039e811a537aee1e464"
"C-007","legal-interoperability-2026-07-14","kk","editorial","55","436","https://constitution.my/updates.json?lang=kk","4acd1e1261c1523c1bc67e84fd2985915697c2b7037a80e5e9073284818973f1"
"C-008","basics","kk","editorial","121","972","https://constitution.my/api/basics?lang=kk","50269158025d8834f8edd06cf81d69a9ad87725b8e28a035f19340137bea641d"
"C-008","about","kk","editorial","180","1576","https://constitution.my/about?lang=kk","f510f12e64b5da44e438c9e6475bad3ef05e4de5a2eb8a24268e2acd253a1486"
"C-008","editorial-policy","kk","editorial","210","1927","https://constitution.my/editorial-policy?lang=kk","a87e236f8f1ab6e989c4fcebce772734cda43f51e0629af3d5b5181391865c49"
"C-008","methodology","kk","editorial","233","2077","https://constitution.my/methodology?lang=kk","5cd2efda1204f3b80648c7f14c68e8ddd157bdc8a1b0dfb86f2cd39e0575fa97"
"C-008","corrections","kk","editorial","266","2279","https://constitution.my/corrections?lang=kk","b47e3482d73d2b910071732a068ff50e2fbb86d698d4aab812a5fcba798edc88"
"C-008","press","kk","editorial","339","2899","https://constitution.my/press?lang=kk","8b2af4249077f428bccb6e75876dd0dac949ae781d4e0e9d884e6913fbb4ab4c"
"C-008","roadmap","kk","editorial","194","1507","https://constitution.my/roadmap?lang=kk","184e86101e543931a808430873930223ca7d3d247f73f4acf0cb6496358f0420"
"C-008","tools","kk","editorial","493","3951","https://constitution.my/tools?lang=kk","d6c6a0429dfe872a6e9eaabc678779f401e8741ce5bf3c020f62672a72bd4d3e"
"C-009","constitution-2026:preamble","kk","normative","89","766","https://constitution.my/full-text?lang=kk#preamble","7551b4a336267f1dd5b4b77d8e314703661513d4818c0968b446d0fa1a7b4635"
"C-009","constitution-2026:article-1","kk","normative","19","167","https://constitution.my/full-text?lang=kk#article-1","c2f0bb5f628ae1c2d2883babdd462d37cf9cad95807879e7d21c86fa85592f67"
"C-009","constitution-2026:article-2","kk","normative","80","751","https://constitution.my/full-text?lang=kk#article-2","0184996c37f6e15aae3eb11cc783c0f7d9c0a1bf3e602b1a8217769c7304ceda"
"C-009","constitution-2026:article-3","kk","normative","69","622","https://constitution.my/full-text?lang=kk#article-3","68f20e91fbf8fce24d5598a05d6c3aefbad14250dff39858e27efc17ff1690b6"
"C-009","constitution-2026:article-4","kk","normative","102","853","https://constitution.my/full-text?lang=kk#article-4","1880632642c3b7a5a810fa118936487f1fd5fd7fa12910a742fdaf19774b108b"
"C-009","constitution-2026:article-5","kk","normative","159","1428","https://constitution.my/full-text?lang=kk#article-5","2720a2b82e349ef9cba9b09104423e903670264829908e7df566d1c541bee6bf"
"C-009","constitution-2026:article-6","kk","normative","161","1344","https://constitution.my/full-text?lang=kk#article-6","e69175d7f216a5c3490bb07493489edaa9541aefc21cd8c5d62c8ded99ef31f6"
"C-009","constitution-2026:article-7","kk","normative","42","355","https://constitution.my/full-text?lang=kk#article-7","8e08ddf52bc5767bc8d7b2c482c94748feb3d58452ccc7eff398233fa33b7c80"
"C-009","constitution-2026:article-8","kk","normative","93","722","https://constitution.my/full-text?lang=kk#article-8","a7748fec1a7d6692a0abb4fecc145aa48416bf60119d69ef8b93a98864c86172"
"C-009","constitution-2026:article-9","kk","normative","37","294","https://constitution.my/full-text?lang=kk#article-9","f97f48ee80911bf188d52e3784efb0d4087dd03bb90c3d76adde2d588f952ec8"
"C-009","constitution-2026:article-10","kk","normative","26","242","https://constitution.my/full-text?lang=kk#article-10","d7761482b82dd05f8653669e7e912e412226a82da8332a88edbe4508c69a524f"
"C-009","constitution-2026:article-11","kk","normative","25","237","https://constitution.my/full-text?lang=kk#article-11","aa4618dd70ad66184145ca87539dc3b1eb23a0bbf6452e73cd20ec112460769b"
"C-009","constitution-2026:article-12","kk","normative","49","349","https://constitution.my/full-text?lang=kk#article-12","ceb220f131549676102ba9236efe8b07e9e59c7de133857b0789292de778b08f"
"C-009","constitution-2026:article-13","kk","normative","91","780","https://constitution.my/full-text?lang=kk#article-13","9f731cb145f9f6ea45fee4ffdbc23ced7b39752f108b0683c8ef401393d9c1e3"
"C-009","constitution-2026:article-14","kk","normative","27","237","https://constitution.my/full-text?lang=kk#article-14","14d0f3e444b357942ee78c87a024a7bf9f6682739d110f1b3f1952169fc19032"
"C-009","constitution-2026:article-15","kk","normative","125","1076","https://constitution.my/full-text?lang=kk#article-15","089a988ce7397a983f0a905b0225d63d5c76485905bd6b65e7189461501b15ca"
"C-009","constitution-2026:article-16","kk","normative","48","383","https://constitution.my/full-text?lang=kk#article-16","1a19785f33653b650e8872110f7e7c678f175260ff4fd699aa26c6f5037d7b82"
"C-009","constitution-2026:article-17","kk","normative","25","159","https://constitution.my/full-text?lang=kk#article-17","6f386e6717e22eecc1eb41d4ba97c23f693e5df5a498f84ad54321104b2bfacb"
"C-009","constitution-2026:article-18","kk","normative","70","523","https://constitution.my/full-text?lang=kk#article-18","f87febd8b15e3188b45f09c28a91ab6be85ff9f41366fa22ff4da7f6c66f67d0"
"C-009","constitution-2026:article-19","kk","normative","61","441","https://constitution.my/full-text?lang=kk#article-19","9a63df0fde0a736cc335b36962497d25465ae1e55d47e8deae877a272b09c8f0"
"C-009","constitution-2026:article-20","kk","normative","30","240","https://constitution.my/full-text?lang=kk#article-20","f9875e61a33b444ba05bf9e6d814e2b701715cb8cab6e40057f256e4d1f7b761"
"C-009","constitution-2026:article-21","kk","normative","101","838","https://constitution.my/full-text?lang=kk#article-21","97a57355e4d78d17ef20a8b5107b0c8a13c6cc0edb804ec4a8c4c6f331a65262"
"C-009","constitution-2026:article-22","kk","normative","34","227","https://constitution.my/full-text?lang=kk#article-22","5b2946fcb834799ae1f3c206f4fd7fd49ff727465439d447a912e91fe301687c"
"C-009","constitution-2026:article-23","kk","normative","115","1024","https://constitution.my/full-text?lang=kk#article-23","c880dcd813cf15de341ffeb7d9b2d667d9c619ebe3b9ae5ca90868a70ee9b80a"
"C-009","constitution-2026:article-24","kk","normative","54","440","https://constitution.my/full-text?lang=kk#article-24","eabc1ef7b36aff25e5b4905283933042ab0d19122268e2e5229767d7055c4c42"
"C-009","constitution-2026:article-25","kk","normative","21","172","https://constitution.my/full-text?lang=kk#article-25","ab7f90072fedbfc123124d342786d77ef50c4ef89e958ff308adf8a27dbceb3e"
"C-009","constitution-2026:article-26","kk","normative","71","583","https://constitution.my/full-text?lang=kk#article-26","2b929ac6d6495d5c724c7e84bc9779190996616b8bd9a1f0a0c70675a23309f9"
"C-009","constitution-2026:article-27","kk","normative","96","705","https://constitution.my/full-text?lang=kk#article-27","4fdbaf8c083207fec56962f5ae3a658b6a49db1da31462492256f1436d6d805d"
"C-009","constitution-2026:article-28","kk","normative","55","433","https://constitution.my/full-text?lang=kk#article-28","f36a883f6736e95bc281db1c9a83150018cd32b39d57decd8d2259f0b35d5226"
"C-009","constitution-2026:article-29","kk","normative","78","600","https://constitution.my/full-text?lang=kk#article-29","d19bdb67bae1843814d23b93a28b6f0c04e61da25be2c8ecc2c51acdf791ba10"
"C-009","constitution-2026:article-30","kk","normative","49","338","https://constitution.my/full-text?lang=kk#article-30","aa016c4e1123a84d3c9a0562760e16d1af04d39c48c4af3baf720dbaf951c3d1"
"C-009","constitution-2026:article-31","kk","normative","46","420","https://constitution.my/full-text?lang=kk#article-31","f6625fb2f50da220b4f2e7171ddd8eeefe146f794cced7520435a8142f57d24b"
"C-009","constitution-2026:article-32","kk","normative","44","391","https://constitution.my/full-text?lang=kk#article-32","f46a9a225a2da9feffc09557441cc2aa085a996da7c74073978d66e835a0eaeb"
"C-009","constitution-2026:article-33","kk","normative","87","672","https://constitution.my/full-text?lang=kk#article-33","ff4e60f64efdb9265735a6fd0fd97e79b5e4a6a041ffb40a919a7c1fd539b596"
"C-009","constitution-2026:article-34","kk","normative","37","339","https://constitution.my/full-text?lang=kk#article-34","88fb6a20ebe438db2fdc8fec5de4d11bebf5792f6e9d467d0f9b5958301783b0"
"C-009","constitution-2026:article-35","kk","normative","151","1353","https://constitution.my/full-text?lang=kk#article-35","1d5085f406acc163cd498e9edadaa2c65dd42f32a61555f6335115768da720f2"
"C-009","constitution-2026:article-36","kk","normative","27","253","https://constitution.my/full-text?lang=kk#article-36","d9c8356d97354d13fb8c384c92e08f6bf008e1b6f441bfd01315545e064a37e8"
"C-009","constitution-2026:article-37","kk","normative","45","368","https://constitution.my/full-text?lang=kk#article-37","869602ab7b1390263f268c08e249b360e82250e30de1e109a6df88779672b1df"
"C-009","constitution-2026:article-38","kk","normative","16","117","https://constitution.my/full-text?lang=kk#article-38","3647e492714353b08d4081e3e51151de8a930e07c5524163d1bf531e48a37238"
"C-009","constitution-2026:article-39","kk","normative","24","198","https://constitution.my/full-text?lang=kk#article-39","ac0f4b0861cbb3e51e946291abda7c998a21635b08a2edb8d866a4f438a5d587"
"C-009","constitution-2026:article-40","kk","normative","17","149","https://constitution.my/full-text?lang=kk#article-40","ecfe95c927aca0b2d533b647e27181c508621dfeb248112fb6c16f9c091cbe2e"
"C-009","constitution-2026:article-41","kk","normative","83","696","https://constitution.my/full-text?lang=kk#article-41","053c76db8599d7cee28852cd1d8b066c5a95fd30a4be0767b610837ff1d593c6"
"C-009","constitution-2026:article-42","kk","normative","71","651","https://constitution.my/full-text?lang=kk#article-42","d25c56e97a6884102e1703fbee2cabbbfa9c231230270def4cffe0f128bcb9f3"
"C-009","constitution-2026:article-43","kk","normative","163","1307","https://constitution.my/full-text?lang=kk#article-43","bcbcc20b4f77fb9aed6ff6dfbfd746eda4c93241c7fe04db1ca1185608f7b8a4"
"C-009","constitution-2026:article-44","kk","normative","177","1645","https://constitution.my/full-text?lang=kk#article-44","4c285cdf9dbb1d36802287728d88fa731f35773ea982b5ceec963ddd3c2a8927"
"C-009","constitution-2026:article-45","kk","normative","46","403","https://constitution.my/full-text?lang=kk#article-45","de789c4051b609c0fc711be221d79f356d47b5de8b580c2d909a35a0fcb021b9"
"C-009","constitution-2026:article-46","kk","normative","615","5695","https://constitution.my/full-text?lang=kk#article-46","7d60d933bf95e93cb364e7dccd48a96fa7193e03aecb7c911d5542a33e74e8d5"
"C-009","constitution-2026:article-47","kk","normative","97","831","https://constitution.my/full-text?lang=kk#article-47","ead36e5c176e9b805f8198216a5ba5f7c0977f547a1a2c5d0b537cc33e478946"
"C-009","constitution-2026:article-48","kk","normative","53","493","https://constitution.my/full-text?lang=kk#article-48","f8a078248d4bb892a347e4754bf445d328cfc1705971e0ee46a795f4645ad6c1"
"C-009","constitution-2026:article-49","kk","normative","74","677","https://constitution.my/full-text?lang=kk#article-49","7546ed2cc38097e53564083315ebaa4242d907366ac3cd0e6e8982e175540ec9"
"C-009","constitution-2026:article-50","kk","normative","279","2483","https://constitution.my/full-text?lang=kk#article-50","7a430897d52f8b25f89502664c62c7d34cdfc40fa9a2428e6df597ca6f09d2c3"
"C-009","constitution-2026:article-51","kk","normative","229","2149","https://constitution.my/full-text?lang=kk#article-51","259b8240fb9240c6b51260c9f045b070353bb426e81d17470a56193f72194717"
"C-009","constitution-2026:article-52","kk","normative","58","522","https://constitution.my/full-text?lang=kk#article-52","42414a89048089c9bbe65f29c769be3dda5db84c63c8ec90c547bf5bc88857fa"
"C-009","constitution-2026:article-53","kk","normative","30","246","https://constitution.my/full-text?lang=kk#article-53","22b19d371919c21a0a8e1eded56991d7addea49b53cc23f0e93f14768bf468e1"
"C-009","constitution-2026:article-54","kk","normative","87","689","https://constitution.my/full-text?lang=kk#article-54","d0866e5d3c5c89ada51e416921378fd61c3fa8b1c783a66f6bfef4755d3f38c7"
"C-009","constitution-2026:article-55","kk","normative","230","1930","https://constitution.my/full-text?lang=kk#article-55","e5762de4e425a4202946679b16eea72a52e25595ad4f860c366510267f9ad0a6"
"C-009","constitution-2026:article-56","kk","normative","424","3810","https://constitution.my/full-text?lang=kk#article-56","05ef0c90e4ccf8f520e2e1a78c3d09ab3dd0c9a92944f424c8032308a2b60ccd"
"C-009","constitution-2026:article-57","kk","normative","138","1193","https://constitution.my/full-text?lang=kk#article-57","6996b83424f69b62ffb5d8b894612a1843f090d2eee622522964231d0d2d2d29"
"C-009","constitution-2026:article-58","kk","normative","146","1248","https://constitution.my/full-text?lang=kk#article-58","228f270d7288b17189e735dd9b8060f46ac41bad480e5a2972fc12ccd97c2b65"
"C-009","constitution-2026:article-59","kk","normative","21","181","https://constitution.my/full-text?lang=kk#article-59","94a7f9eae5e3152c399aa22fbea56ec1db7615792a560f56d56424c59bd1aefd"
"C-009","constitution-2026:article-60","kk","normative","407","3381","https://constitution.my/full-text?lang=kk#article-60","557a6c75301b2bd1585a9cf269e0309b02cb3f49a08a1bd39943a6f757fe36d0"
"C-009","constitution-2026:article-61","kk","normative","101","880","https://constitution.my/full-text?lang=kk#article-61","26f462445627081947ba3207504406d2bf83681d97aae69f53112b68008de4a2"
"C-009","constitution-2026:article-62","kk","normative","72","652","https://constitution.my/full-text?lang=kk#article-62","c28144dcf13117a8fc9e9caf5ad74e24e33d6d8a0907a17a1370e1df4538ca3f"
"C-009","constitution-2026:article-63","kk","normative","55","477","https://constitution.my/full-text?lang=kk#article-63","ff57d272188d1a71ec83a90ea76325c75eb0e019e1194f9a899e641261d6190d"
"C-009","constitution-2026:article-64","kk","normative","39","362","https://constitution.my/full-text?lang=kk#article-64","023461c2313a9ec92588fe6006fc1501d3ef5d5c5ce1beb634a9a4fe0e13780d"
"C-009","constitution-2026:article-65","kk","normative","126","1132","https://constitution.my/full-text?lang=kk#article-65","87059a7441ca1611c6fa82c845d796b58b535e21bcfd7f082a592008d2379bc2"
"C-009","constitution-2026:article-66","kk","normative","48","382","https://constitution.my/full-text?lang=kk#article-66","3917e65d2af3f5a7715ca9b9141231693bb51891ba34ee7d9ebbf08915645c44"
"C-009","constitution-2026:article-67","kk","normative","82","695","https://constitution.my/full-text?lang=kk#article-67","256cbf36534d1bc1a50dc4cd531c4c5c69ad438bd04d913508e06e930f0abed6"
"C-009","constitution-2026:article-68","kk","normative","41","360","https://constitution.my/full-text?lang=kk#article-68","81e20f2ef2a79b3665966c6085698b273649e5de8f7e82ea028308236348a9bc"
"C-009","constitution-2026:article-69","kk","normative","137","1162","https://constitution.my/full-text?lang=kk#article-69","2dd118110868817c9856be73235f270ec3de6a072106b212c81bf2ca567b7544"
"C-009","constitution-2026:article-70","kk","normative","36","329","https://constitution.my/full-text?lang=kk#article-70","e4a76530c77bcf4166b7c4da704e3b1e491d1336b3776e7552b7ca05c484bb3c"
"C-009","constitution-2026:article-71","kk","normative","56","482","https://constitution.my/full-text?lang=kk#article-71","60a3c4991d5ad1d3759bc321bae4c01c74c56d24af8981fbdad9a00aff3eaecc"
"C-009","constitution-2026:article-72","kk","normative","195","1745","https://constitution.my/full-text?lang=kk#article-72","132cc29f9240ab7a4cd52caaf05aae812bc8f6790a055cf6ad57eefbe763b95c"
"C-009","constitution-2026:article-73","kk","normative","207","2015","https://constitution.my/full-text?lang=kk#article-73","88092efd09e3fb7176991d5f69b3dc8448e8e019c9a32d04319eb5091ecb98ad"
"C-009","constitution-2026:article-74","kk","normative","67","613","https://constitution.my/full-text?lang=kk#article-74","62bb127dac7f3fe1304febdcadb32ef5a4becfff65e9b5ae3d22517b00c9a39a"
"C-009","constitution-2026:article-75","kk","normative","137","1146","https://constitution.my/full-text?lang=kk#article-75","a602824c25c005380a49b02c2bd66fa126af4854bc8419614a3a3d9dfe9656cc"
"C-009","constitution-2026:article-76","kk","normative","71","551","https://constitution.my/full-text?lang=kk#article-76","e38fe6c9301f27aa9c788eb6093ad732dd9c9b95c4305a14fb6bdddbb7727299"
"C-009","constitution-2026:article-77","kk","normative","71","624","https://constitution.my/full-text?lang=kk#article-77","dff9547ffdb674053dc2317d24a858326c242636f12c1f7598c76905c552a220"
"C-009","constitution-2026:article-78","kk","normative","128","954","https://constitution.my/full-text?lang=kk#article-78","a1eb2ef2a6234821422d0f1719ffe18e58b02e26a2b0bb414edd4132c62e1437"
"C-009","constitution-2026:article-79","kk","normative","62","484","https://constitution.my/full-text?lang=kk#article-79","aceeae958ce07b0f6ca341db34f35fbd0c5e2d2493a241b47b71ff709db2161f"
"C-009","constitution-2026:article-80","kk","normative","105","934","https://constitution.my/full-text?lang=kk#article-80","bb0b32348d371fd07c53e46faa0be5b4f836b2511aaee590d43237ae1fcca90e"
"C-009","constitution-2026:article-81","kk","normative","24","198","https://constitution.my/full-text?lang=kk#article-81","7baf9c661a397520bceb35cbb461a1eb02e3c6fd4745b1908332ad2e5aaa3843"
"C-009","constitution-2026:article-82","kk","normative","37","272","https://constitution.my/full-text?lang=kk#article-82","9efee3800c386a0dac64d605aa59bcfc46999f0da8620a86859a0572deaa83a5"
"C-009","constitution-2026:article-83","kk","normative","102","835","https://constitution.my/full-text?lang=kk#article-83","aea4c9a698744c8ad26a0ff0ae4cacd4c80ffe48c049aeddc2e9ee030b85423a"
"C-009","constitution-2026:article-84","kk","normative","137","1198","https://constitution.my/full-text?lang=kk#article-84","99b2843717e75327868bf84d645fe905675ddb46a9e341116130f3c52618fa40"
"C-009","constitution-2026:article-85","kk","normative","108","923","https://constitution.my/full-text?lang=kk#article-85","905e35da47ccbb25242cdd6eac8b911b1a648d8af2a992084da3e5fb1b7a9bdf"
"C-009","constitution-2026:article-86","kk","normative","50","391","https://constitution.my/full-text?lang=kk#article-86","83c5eb784efbfe2837f2e573d26dd66e2e4b4cc743184d34f0d5a0ebad6c82c0"
"C-009","constitution-2026:article-87","kk","normative","15","134","https://constitution.my/full-text?lang=kk#article-87","9a2dc512f77d160c72112b9012eec2ebac93c2ac05406418a64a0b76c67d1bdb"
"C-009","constitution-2026:article-88","kk","normative","188","1628","https://constitution.my/full-text?lang=kk#article-88","131bcbfec2df4fa99e637c4cf8b0c40ce38aea8ecf31c44b170cd4686dadf57f"
"C-009","constitution-2026:article-89","kk","normative","267","2388","https://constitution.my/full-text?lang=kk#article-89","9814c6f296beb98bd98d610584bca75356bf7329822ca7fe21d97640fcb90d8b"
"C-009","constitution-2026:article-90","kk","normative","81","654","https://constitution.my/full-text?lang=kk#article-90","0f16b497edec0568fe2fae6f0b9889b456af3867b15743da1013c88f550d6926"
"C-009","constitution-2026:article-91","kk","normative","86","737","https://constitution.my/full-text?lang=kk#article-91","89e40970cd24c6d829792d78e55c56cfa278b01e7f8069c158ded2d4a63d1337"
"C-009","constitution-2026:article-92","kk","normative","78","745","https://constitution.my/full-text?lang=kk#article-92","ce2efbd61041f9ba132e5c213045cf4faba597cf7deb00044664c7fcd22f83e4"
"C-009","constitution-2026:article-93","kk","normative","30","294","https://constitution.my/full-text?lang=kk#article-93","74344ddab20abcd97568f8b71436f69f04423387572d39fdd06a80131d32f79e"
"C-009","constitution-2026:article-94","kk","normative","39","373","https://constitution.my/full-text?lang=kk#article-94","142d0cd15b040587be4027ed283b38c4122e907701cfb277375afd82ff4251b7"
"C-009","constitution-2026:article-95","kk","normative","230","1962","https://constitution.my/full-text?lang=kk#article-95","889df19c134e3216075ccfeb2b74ec499175483df80935bc53db5150786ebd74"
"C-009","constitution-2026:article-96","kk","normative","64","576","https://constitution.my/full-text?lang=kk#article-96","d9865a12aea4c6d144b4b87e44beadb89675ed432fbe15c89b13fc57e3131d9a"
"C-001","full-text","en","editorial","313","2318","https://constitution.my/p/full-text?lang=en","2311bb40e08fb002bc6a5a7660964fdcebe8b11782b6cebe306b8a4ee2672986"
"C-001","how-developed","en","editorial","416","3311","https://constitution.my/p/how-developed?lang=en","4ca9feef8fb84dd3ef8e102dca565b8a6315823dbcb01426c5c0e4be12fec87c"
"C-001","constitution-how-to-read-simple","en","editorial","193","1354","https://constitution.my/p/constitution-how-to-read-simple?lang=en","b46007bacfc7943e283c4794758cfa2c8d0b0ebdfaa108e8bd64608cfa0843bb"
"C-001","why-update","en","editorial","475","3456","https://constitution.my/p/why-update?lang=en","5b074b287d2c1a9e6d6822e1a93551689c064f38c76eb0bae73b6dc419c9f7b1"
"C-001","constitution-levels-of-law","en","editorial","321","2178","https://constitution.my/p/constitution-levels-of-law?lang=en","789ad0fa9b2ffacb332f3ee608a26ea637f6eb67557f2dc16e7a0510bdc6feb5"
"C-001","what-is-constitution","en","editorial","318","2232","https://constitution.my/p/what-is-constitution?lang=en","36564306b595d115839b087be8b909169fbe752bfd350a3f60f6d2b0fd736ac1"
"C-001","key-changes","en","editorial","491","3947","https://constitution.my/p/key-changes?lang=en","3c060d74d46a65e44eaefc2045e068b6ae399fa50c03b5708b23c675a83f5938"
"C-001","rights-limits","en","editorial","394","2457","https://constitution.my/p/rights-limits?lang=en","db780a419ac70611d95e5b9a5391f20662713d2c87802da497824746daa72e18"
"C-001","constitution-direct-effect","en","editorial","247","1697","https://constitution.my/p/constitution-direct-effect?lang=en","80fec397a780181319929bced084ce77a92e41a89ede6aaece49da7a3b3bffc1"
"C-001","rights-obligations","en","editorial","212","1458","https://constitution.my/p/rights-obligations?lang=en","484bae9ef15cc5f6a5dd123e121c099480bfc4ad414fd51ecd9570bb89065670"
"C-001","rights-digital","en","editorial","302","2267","https://constitution.my/p/rights-digital?lang=en","b72a4445aad08af6c4fbc9e6919a2ae2a757b3197e0bc49d0b57882aa6925473"
"C-001","rights-emergency-regimes","en","editorial","258","1831","https://constitution.my/p/rights-emergency-regimes?lang=en","9998fa84bd370744cfce20ac46b8b02f667d440c9fa84e5024eb535c2d21c510"
"C-001","rights-basic-list","en","editorial","331","2355","https://constitution.my/p/rights-basic-list?lang=en","a0344205c995aa7b41b880f928891bdda2643a4085209ddaaa0b9bad491354be"
"C-001","life-personal-data-leaked","en","editorial","293","2074","https://constitution.my/p/life-personal-data-leaked?lang=en","53b6fdbcf89f87d299053cfd5208475d2dd9e519ebc69cd260711927241767b2"
"C-001","life-detained-by-police","en","editorial","225","1406","https://constitution.my/p/life-detained-by-police?lang=en","b6a07428c813e97e78ec46b18c472b0f25660489915c7a7d79828852ea75da8d"
"C-001","rights-how-to-protect","en","editorial","551","3598","https://constitution.my/p/rights-how-to-protect?lang=en","efcb5fb2c9ee7807e091a7e7bcb4ce6d212eebe47855cae4f8bead705b10f8a0"
"C-001","rights-detention","en","editorial","312","2125","https://constitution.my/p/rights-detention?lang=en","8e1f9d736c8a4e3aa8f1667052a0f4da538ee324199f3073a76aeda24bccc44a"
"C-001","national-bank","en","editorial","272","1915","https://constitution.my/p/national-bank?lang=en","d1c5c2f38ce24d085ab6152855ecc981196fa083474b1079fc03f8ff590aff58"
"C-001","government","en","editorial","349","2521","https://constitution.my/p/government?lang=en","f87018b4668f7668b221ff6e3e7f446d290525eab45c81f49da5ed2ba2159d37"
"C-001","kurultai","en","editorial","360","2603","https://constitution.my/p/kurultai?lang=en","741418d673ecd86bfc0e347c3b0561800ae701155106d2ea07f7618e21cd5b25"
"C-001","president","en","editorial","428","3033","https://constitution.my/p/president?lang=en","702e3a05c538e0577b01665f04f6373a3c2502116fec085f95d1911370b95592"
"C-001","vice-president","en","editorial","343","2430","https://constitution.my/p/vice-president?lang=en","f949fa48f0223bfbd035f1351f623d18cd3d1c50f1a65a021bb146374de9d148"
"C-001","local-government","en","editorial","281","2162","https://constitution.my/p/local-government?lang=en","7e3e9157ca19d30f779fa1b06d7a222c50ffdef7f16407ddc811d91746beb231"
"C-001","prosecutor","en","editorial","300","2046","https://constitution.my/p/prosecutor?lang=en","268cb7e57e6418e675d2b39d84a40f456b51740b959156dc9d79a9cc020863e0"
"C-001","constitutional-court","en","editorial","407","2699","https://constitution.my/p/constitutional-court?lang=en","b050520baacfc556f4c9d59504535cf84425b11dea47414a8ac38ff76356ba39"
"C-001","local-maslikhat","en","editorial","241","1844","https://constitution.my/p/local-maslikhat?lang=en","11376e7cf4dff8c6f86fb79c2a3aaa319803fe67e06465caf378a2e65720638f"
"C-001","local-self-government","en","editorial","283","2132","https://constitution.my/p/local-self-government?lang=en","11e18f3cad3d24ed680389c2a1e2fbd9913a905bbf5ce88ebd3f2bc36a324224"
"C-001","local-why-it-matters","en","editorial","231","1703","https://constitution.my/p/local-why-it-matters?lang=en","c44720006480a5c635027c2396f7302e1951b206da68f8ae70e679f9c2d3859b"
"C-001","local-halyk-kenesi","en","editorial","297","2078","https://constitution.my/p/local-halyk-kenesi?lang=en","7eb204f59aa6ae6893a7df3856c03ef650cf10322bad191af23d0bdd36771531"
"C-001","local-citizen-participation","en","editorial","354","2465","https://constitution.my/p/local-citizen-participation?lang=en","0e603ff5e1dffc7fa21bf1a498316a24575a666e81ac8f3dc9d93f426ef4323f"
"C-001","local-akim-role","en","editorial","306","2143","https://constitution.my/p/local-akim-role?lang=en","4490ec541e42396a6350d9c9845d8c6bdf41ac369d21010d4804d1aadacf7970"
"C-001","public-control","en","editorial","272","1993","https://constitution.my/p/public-control?lang=en","941bb3ee62a9dcd8c34cc8da532b03ff3a6d941dc5162bce51f16ef5acfa6cbc"
"C-001","petitions","en","editorial","321","2188","https://constitution.my/p/petitions?lang=en","9c735dbfa33f4f309e8cb6758814aa6d9e0aa62cadf5c3962a3805cb16301c28"
"C-001","peoples-council","en","editorial","315","2260","https://constitution.my/p/peoples-council?lang=en","c4a8c4d038e147dadb855361fefa67177c80e733649314cf7c95041c3fe33b7e"
"C-001","civil-society","en","editorial","305","2161","https://constitution.my/p/civil-society?lang=en","21efef7c26c6f22dd55abfd46fce02702cef78dc5cbb70810efc6a0e0420dc7c"
"C-001","practical-international-treaties","en","editorial","233","1542","https://constitution.my/p/practical-international-treaties?lang=en","0f93776c91d1c214ce4de411ebc0fd238f854e77c42466a79eaa3cfd9c4e9ac3"
"C-001","practical-how-to-discuss","en","editorial","232","1586","https://constitution.my/p/practical-how-to-discuss?lang=en","5f3dffdbe0e9c445b2485687326f30d1db715e34cc906c99765347796934827e"
"C-001","practical-what-changes-for-me","en","editorial","279","1958","https://constitution.my/p/practical-what-changes-for-me?lang=en","00bbab48828aa4405b7434d4c84acd7cf116ab288f2fb8b4f5c754934b8d62e5"
"C-001","practical-how-to-check-information","en","editorial","289","1903","https://constitution.my/p/practical-how-to-check-information?lang=en","ee7520bece08009c2d31ca42700b57d6c4d35f5720917f91b68d0b01393760af"
"C-001","life-fired-from-job","en","editorial","334","2276","https://constitution.my/p/life-fired-from-job?lang=en","727671fbd2330ecdf513cf85680f4e26114565605c2b1656c0bdbd7889200412"
"C-001","life-start-business","en","editorial","244","1751","https://constitution.my/p/life-start-business?lang=en","f8c18c85ae5587ad3741807d03fe5d422b99c3460e679dd7a05ec288b454dcd2"
"C-001","practical-property-and-business","en","editorial","249","1718","https://constitution.my/p/practical-property-and-business?lang=en","175442ea036d10fc4fc6974580e3cc5a51f509d97a9808eef3809a49c6d0a02b"
"C-001","life-child-school-refused","en","editorial","312","2053","https://constitution.my/p/life-child-school-refused?lang=en","217a42ff1ff4b7a2365cdc3cc8827b64fa8dfd48645c08ab1d40742b6e20cd11"
"C-001","practical-education-health","en","editorial","232","1604","https://constitution.my/p/practical-education-health?lang=en","9093078fc92653d3d38eb6409bd2cdf25077693b03ec0132afb76563a6ad0882"
"C-001","constitution-how-to-read","en","editorial","281","1910","https://constitution.my/p/constitution-how-to-read?lang=en","0a90e8120a932a283d7c4506e28cf7da929a5eb1bf3b4147e4fec0a14f53e9da"
"C-001","constitution-reforms-2022","en","editorial","276","1959","https://constitution.my/p/constitution-reforms-2022?lang=en","b3fa5bab6ddea5b8fa3cb63cae6da82a2164c0abc819d5f10bd607eade6aa65e"
"C-001","constitution-history-1993","en","editorial","309","2174","https://constitution.my/p/constitution-history-1993?lang=en","33e785140c2ea41684fab91e07462e0d8796974e2109cd93e256a39bffadf155"
"C-001","constitution-history-path-to-2026","en","editorial","313","2245","https://constitution.my/p/constitution-history-path-to-2026?lang=en","833865f700761bb9fe22144fd2a4b35ecd81321c8a67496b09ea83bfd663a2f0"
"C-001","myth-halyk-kenesi-replaces-parliament","en","editorial","149","1020","https://constitution.my/p/myth-halyk-kenesi-replaces-parliament?lang=en","a15daf2f0542623162fda6b7971cfb96e6e9a3b0c3c9880f0048012b0b10cd49"
"C-001","myth-kurultai-same-as-mazhilis","en","editorial","186","1191","https://constitution.my/p/myth-kurultai-same-as-mazhilis?lang=en","e2aba3b868d59a3ae24665a0d3e945611e470142a40f3709e4bbb0cdf2456e66"
"C-001","myths-constitution-doesnt-work","en","editorial","390","2609","https://constitution.my/p/myths-constitution-doesnt-work?lang=en","f5bf98b72b46358fae1c4d8aa5d8258d804a86749572ba06b1956c99384f26b2"
"C-001","myth-constitution-solves-everything","en","editorial","187","1249","https://constitution.my/p/myth-constitution-solves-everything?lang=en","fc710e12ac1245cc3144aae30e316fe23939a347d1fd454642c808c23c931531"
"C-001","myths-rights-vs-duties","en","editorial","315","2186","https://constitution.my/p/myths-rights-vs-duties?lang=en","be4291de85fcfb8931a1c558aba29968f1a10f63d1bd9631f171467bd2d9b955"
"C-001","myth-any-constitution-good","en","editorial","256","1705","https://constitution.my/p/myth-any-constitution-good?lang=en","657d71e4ead3e62ca661abf8e8a978e81819a0819905093c250ba0581edaca4d"
"C-001","myths-law-vs-constitution","en","editorial","406","2592","https://constitution.my/p/myths-law-vs-constitution?lang=en","2b707f3e4fe9ebe37b09a52a8043dd7ccec4f573c328d14e68d05c11304f6359"
"C-001","law-on-kurultai","en","editorial","195","1342","https://constitution.my/p/law-on-kurultai?lang=en","9431386154d8864867fcbea830d1b4e9096b28f89d97d8d76d553281ce4bf836"
"C-001","law-on-constitutional-court","en","editorial","184","1387","https://constitution.my/p/law-on-constitutional-court?lang=en","e7ee020f4036696ae9ef76c22a7fd58cf4e8f08aa790b87f44e3b43c8c57caf7"
"C-001","halyk-kenesi-how-formed","en","editorial","212","1472","https://constitution.my/p/halyk-kenesi-how-formed?lang=en","3dc29763dba11e192748051ca8ec9d737638b645f8aee78728b9a5749f292831"
"C-001","vice-president-when","en","editorial","253","1544","https://constitution.my/p/vice-president-when?lang=en","fb35b00cb87ee67fa41c949d48d0585a3451a3daf49ca28f672e6f8f47fafaed"
"C-001","transition-new-institutions","en","editorial","317","2046","https://constitution.my/p/transition-new-institutions?lang=en","177f20882549bdbf8dea1bfedcfd7f3138c7dfba424a0a2df43dad1f3cb87740"
"C-001","transition-kurultai-elections","en","editorial","273","1760","https://constitution.my/p/transition-kurultai-elections?lang=en","bec31cefc7e9948e7d9d35c3c7733e71125dc0c623cc5e7322c9475afdb93322"
"C-001","constitutional-laws-june-2026","en","editorial","294","1969","https://constitution.my/p/constitutional-laws-june-2026?lang=en","2a9c183fe6788f275c8a6b2d866bbe6c989eb8bcce9a3699a739f4d12b9dc2a5"
"C-001","transition-period-overview","en","editorial","393","2564","https://constitution.my/p/transition-period-overview?lang=en","4646adb506b118e3a13398325e67b7b40e13a843c0ad2055507c12a127cfb220"
"C-001","constitutional-court-term-counting-july-2026","en","editorial","216","1369","https://constitution.my/p/constitutional-court-term-counting-july-2026?lang=en","12b959fcc16b3e4eee93f31922f9583b49122ec772121513248c76e8438f1899"
"C-001","kurultai-vs-mazhilis","en","editorial","209","1549","https://constitution.my/p/kurultai-vs-mazhilis?lang=en","d67d8f37f26bb52aecb3558c9d1a1e343f9d301eba01397521a9748e2527ff61"
"C-001","law-on-president","en","editorial","195","1273","https://constitution.my/p/law-on-president?lang=en","6923f5da966d8a137facdabaa293d3841170c012770f8c581e128ff684c6b7f1"
"C-001","vice-president-new-institution","en","editorial","212","1404","https://constitution.my/p/vice-president-new-institution?lang=en","bda65c1fb76d9ac828cabb82b8dbca76cda6c596789600ff92f8f1ad209355b1"
"C-001","kurultai-election-2026","en","editorial","265","1782","https://constitution.my/p/kurultai-election-2026?lang=en","b29c6cdb5cb3a67dbc48ec3c46bd8608e00b449ab1d1ea63f42076f9a6562267"
"C-001","when-new-laws-take-effect","en","editorial","239","1535","https://constitution.my/p/when-new-laws-take-effect?lang=en","89b95b3ed1a3764d1a0ef1a2dec6077e74a86d9509bf49c674fbf195dbd01db9"
"C-001","transition-what-changes-july","en","editorial","609","4339","https://constitution.my/p/transition-what-changes-july?lang=en","07c2639baf5bd02a5f551a9677aed90232aedadbba6620c4a393dac9848039c7"
"C-001","kurultai-how-formed","en","editorial","222","1449","https://constitution.my/p/kurultai-how-formed?lang=en","8a11254d0ac478e26e377bb916bd2209e36b704d2c2029bc3fbef7c71a7ed21d"
"C-001","digital-rights-how","en","editorial","185","1386","https://constitution.my/p/digital-rights-how?lang=en","6453c4e9115684a1013f3d7d98bd99c992fb49cf93d88836adf8fc90b77bce3d"
"C-001","referendum-observers","en","editorial","292","1949","https://constitution.my/p/referendum-observers?lang=en","463611c7ac949ffc7e24ec7624df8a70637b98fb8738ffb207ad062c362fd580"
"C-001","referendum-why-important","en","editorial","259","1832","https://constitution.my/p/referendum-why-important?lang=en","57bbaed5251b8281ddadfa1aecb176f17d2db2be1335c181ac00a564aa866ece"
"C-001","referendum-question-text","en","editorial","268","1695","https://constitution.my/p/referendum-question-text?lang=en","671660e70b6c8cd3ae164a8d57c4b15a3c83e1c83eb03d18e54d93d4f22ca0c5"
"C-001","referendum-after-vote","en","editorial","346","2206","https://constitution.my/p/referendum-after-vote?lang=en","09da89591416698e03573fedb7bcb0852025064b36f6b0ca8efd927f90b35ae5"
"C-001","referendum-what-is","en","editorial","301","1932","https://constitution.my/p/referendum-what-is?lang=en","2a6d9a768346976807671b4bcd8b8d0d360adcdfc9fb0dc206323e0bfb73dcaa"
"C-001","referendum-what-can-be-asked","en","editorial","307","2115","https://constitution.my/p/referendum-what-can-be-asked?lang=en","354b078499ca96eb2243c1b6c7a535d7d720901eec5733a21ba4edd5ed9062fc"
"C-001","referendum-turnout-threshold","en","editorial","332","2202","https://constitution.my/p/referendum-turnout-threshold?lang=en","f08f6c27e45e3954114d95914b58fee9f5d3a92f9dfb55f2f18bb69490da2320"
"C-001","referendum-campaigning-rules","en","editorial","252","1834","https://constitution.my/p/referendum-campaigning-rules?lang=en","8fc032649cac3298e918f9d60c7a907e94e18248c5f9d369031daa3023d03c39"
"C-001","practical-entry-into-force","en","editorial","333","2222","https://constitution.my/p/practical-entry-into-force?lang=en","d0816205fb09817697172e14b4d064b9a677ac21baf9c2102b9b13da6018a0b2"
"C-001","practical-where-to-ask","en","editorial","226","1692","https://constitution.my/p/practical-where-to-ask?lang=en","1f05cc646a867ee109ce29713ac40e0c15557efcee0767f1fba6ced28fbd94a4"
"C-001","practical-why-read-before-vote","en","editorial","279","1768","https://constitution.my/p/practical-why-read-before-vote?lang=en","a5c78d211688fc4fa1272568e428933dae65530926f779028086e86555301b82"
"C-001","constitution-history-1995","en","editorial","318","2205","https://constitution.my/p/constitution-history-1995?lang=en","e1601e36972edc2fdbe4045b729a17ee6cfac1ac4a73f4045d92ad8a483b40cf"
"C-001","referendum-myth-change-next-day","en","editorial","282","1861","https://constitution.my/p/referendum-myth-change-next-day?lang=en","f7d2a1d2463f51ba520b64c734904216a57cb42603952de23f1eaf28fe8db097"
"C-001","myths-constitution-always-good","en","editorial","361","2484","https://constitution.my/p/myths-constitution-always-good?lang=en","3ca0b78dbe10914601c88ab04a9322867a40bb0074294473e7b7101ae2d7e2c8"
"C-001","referendum-myth-one-question","en","editorial","352","2219","https://constitution.my/p/referendum-myth-one-question?lang=en","48dfeb14b14cbba8112d9d0a8c20cfe9b7d1bea4b0ae4d4aeb92dfc5c2d2d09e"
"C-001","referendum-myth-boycott","en","editorial","286","1783","https://constitution.my/p/referendum-myth-boycott?lang=en","e1fbc1603476f9818c533f18c54112c092fcba5b6c88f13a09ec1719d26fbcfa"
"C-001","myths-referendum-vs-parliament","en","editorial","365","2419","https://constitution.my/p/myths-referendum-vs-parliament?lang=en","8a8164fd92e1e5e8cb38c6a0b8cbb055e7fc9b1b786615f6034793e25bba0346"
"C-001","what-changed-after-vote","en","editorial","358","2300","https://constitution.my/p/what-changed-after-vote?lang=en","8a945bec78ca5fb74fa84c6a2b13e4ea430277ead0bcfb8a297e6d063b1a4cc7"
"C-002","1","en","editorial","90","590","https://constitution.my/api/glossary?lang=en","16de97be1f6f32899cbe48d8663a790e3e6260ba88dedb27ddb0411c27fa3576"
"C-002","2","en","editorial","86","537","https://constitution.my/api/glossary?lang=en","071c8e12e93398902955587d94d58adbb06e66103db198d78607263a6d6bd63c"
"C-002","3","en","editorial","76","565","https://constitution.my/api/glossary?lang=en","6b974e71d08d9a5560869f63d11a9d8c29d5efed31613d1ab896216ed5bbe521"
"C-002","4","en","editorial","64","450","https://constitution.my/api/glossary?lang=en","11093ba3311b8dac7b853e19ee4a575cecdaeed01421dffca4080f9fe8a6667b"
"C-002","5","en","editorial","74","438","https://constitution.my/api/glossary?lang=en","919ad8fcb58556874bb8a9d3ce215fbca459c950aad3ef21b926b5476ad33193"
"C-002","6","en","editorial","65","440","https://constitution.my/api/glossary?lang=en","778b1136666ceeba22e99e33d3f5587f79e955fc422eaa0c9814967dfa1f6f45"
"C-002","7","en","editorial","60","417","https://constitution.my/api/glossary?lang=en","2a10244fb6be6f59e1e99067d872c90e3709d35bc78586b520c0d0ac04496632"
"C-002","8","en","editorial","52","365","https://constitution.my/api/glossary?lang=en","6d196cc720f61efbb4fbe661f609c0b29ed94c258300a9b62eddd6af80aff2f4"
"C-002","9","en","editorial","58","395","https://constitution.my/api/glossary?lang=en","165b6e6f451da19fd44cac56c59c0bdf9d66b0e8331a2545bcd08b6980ff4f17"
"C-002","10","en","editorial","56","390","https://constitution.my/api/glossary?lang=en","b307d206a60591fb00c11ad46742dcf96e7abd13efbd29ebf7aaecbac264cea9"
"C-002","11","en","editorial","45","324","https://constitution.my/api/glossary?lang=en","5379d04cd9adec46f4cafdee912fafe9d4890f521a1fdd263e710ba501ce31cc"
"C-002","12","en","editorial","71","505","https://constitution.my/api/glossary?lang=en","b869d4fbc0903bd38765905910b18e326747e6392afa7763da31a76c596ce859"
"C-002","13","en","editorial","57","413","https://constitution.my/api/glossary?lang=en","60414855a1eb845cd01815272616561aed6a98aeeda539e1783cf4953ce4df82"
"C-002","14","en","editorial","60","470","https://constitution.my/api/glossary?lang=en","c3ed7bd860bf394e820fbf260edfc4c168d81e13170a4b3046379a88a488b03e"
"C-002","15","en","editorial","60","473","https://constitution.my/api/glossary?lang=en","7991d5b0767501e2833b6a1219c90444599b30e71f5cd9ccccd03b0ce1107caf"
"C-002","16","en","editorial","55","394","https://constitution.my/api/glossary?lang=en","43a258495513773390bc0834d8ff13ea7e85041cad4900016d44548ae4198a8f"
"C-002","17","en","editorial","56","356","https://constitution.my/api/glossary?lang=en","88ab29ebfed599aee2de9e38c2021354f1b53a073b401cd6d8cdd76b60c7849f"
"C-002","18","en","editorial","68","451","https://constitution.my/api/glossary?lang=en","d4d1bcb916ecbd41b42612f1071093bdaef6942dce0ceb2e4ae0605d675852f2"
"C-002","19","en","editorial","63","452","https://constitution.my/api/glossary?lang=en","1a53fd5f656efe5eb567f5b202d38eb5756ff0171155c4ebe891f37d36fbb0c9"
"C-002","20","en","editorial","54","380","https://constitution.my/api/glossary?lang=en","651584a6f0c694cb3bd4c30091fc9bdd0b9860f7ea4be63ebc81ec0f6595e21a"
"C-002","21","en","editorial","67","416","https://constitution.my/api/glossary?lang=en","337442a8d1d079ff06133cc99f447d7c71d9e8b631df50c884449ad20e3f73ee"
"C-002","22","en","editorial","61","399","https://constitution.my/api/glossary?lang=en","bb74b8832027490b1bb07264b1f647424466b566eab756e4d421f5b60183ed21"
"C-002","23","en","editorial","67","467","https://constitution.my/api/glossary?lang=en","3642f4590ff155c9c685295a915e1e22a30430b691c68307582e0c96f8527e27"
"C-002","24","en","editorial","64","431","https://constitution.my/api/glossary?lang=en","74aabeaea58c0d7f3c0a569ec442f487d8b326510e1642fd06bf2859e560b000"
"C-002","25","en","editorial","57","436","https://constitution.my/api/glossary?lang=en","99a37ea7027a8549f514bfc020950981bc2a9e0263cd4dd950f8824d21ec02ff"
"C-002","26","en","editorial","63","470","https://constitution.my/api/glossary?lang=en","ec1d4cb029b1f8bc4188c1bb5e89d0e270453b185573c59b3fa10fcfa4a6ace2"
"C-002","27","en","editorial","65","424","https://constitution.my/api/glossary?lang=en","948d1d8d86149be865ffddb6473c8e108a457024385ac8c60ef53c0f7720bb8c"
"C-002","28","en","editorial","64","397","https://constitution.my/api/glossary?lang=en","ad4720ccc1323b38b879fbb2c50d859c00817dff2e7868601562ce0f84a692be"
"C-002","29","en","editorial","73","473","https://constitution.my/api/glossary?lang=en","49deee903c9d5f099cdd525a484edf1134fd3d519bd96a4188f235f6de189f38"
"C-002","30","en","editorial","62","491","https://constitution.my/api/glossary?lang=en","0a750ebf70cdb7337bef5540662b88a93b359417c9abd5398f65eb9db9932148"
"C-002","31","en","editorial","64","484","https://constitution.my/api/glossary?lang=en","7ae7834bc2c6a6e391cd8b6313ff7e4604d280063288e02538f784e32eb846fe"
"C-003","parliament","en","editorial","48","362","https://constitution.my/compare/data.json?lang=en","634634acbc3a005cb87c6329b23709fdee77315f43f39d450fc6c5b681215e1b"
"C-003","vice_president","en","editorial","66","430","https://constitution.my/compare/data.json?lang=en","fa865ab537ec09d139dacfc40b68615003f4e483f41bea823c0ef85dab5bb46a"
"C-003","president_term","en","editorial","60","413","https://constitution.my/compare/data.json?lang=en","29698f0dd504336768bbe6df6d5365b5a3b3c23fa16f31bf1e08d782ae0c10fa"
"C-003","government_formation","en","editorial","89","656","https://constitution.my/compare/data.json?lang=en","6a45636d61b63457ee97bf6fef1b25a218fb87476a5325301cbfd588eb85ead9"
"C-003","digital_rights","en","editorial","68","504","https://constitution.my/compare/data.json?lang=en","9a5d6c6c0dafd96a2d94059ad1e6c944b7c14590d9c014bab0383b9e95df9d7a"
"C-003","detention","en","editorial","53","329","https://constitution.my/compare/data.json?lang=en","3d3c9025edb0605f4380ff386e384cb750161344c3745272e4b9b5594947dc15"
"C-003","miranda","en","editorial","64","398","https://constitution.my/compare/data.json?lang=en","20533a6f38a8837de79851b158161cadc3088f624700ec96b4b3059e62be337e"
"C-003","presumption_innocence","en","editorial","74","483","https://constitution.my/compare/data.json?lang=en","32ab43ca04c896a911738c65d04b44f4d9f0a370151a9ac34b24ba4ac8a1f5e4"
"C-003","compensation","en","editorial","64","404","https://constitution.my/compare/data.json?lang=en","90210b6cd3d54014c004748fc9f28f710d9483622a012c18f2afbcae34a6b921"
"C-003","constitutional_court","en","editorial","68","486","https://constitution.my/compare/data.json?lang=en","cda2f3ea4ec1dccc27179d26bf753bd4233c75fa49738cccea6a58d847f4db3f"
"C-003","fair_trial","en","editorial","63","450","https://constitution.my/compare/data.json?lang=en","19403792fdeb2d30081082dd091f5f5d8bb9a457c80e4bdb28c1afe52f3b7672"
"C-003","peoples_council","en","editorial","52","419","https://constitution.my/compare/data.json?lang=en","41c5bf2e88ac57749382a550bf7af510970c08ba0cbde6a08b0a3bb0844a3c98"
"C-003","petitions","en","editorial","83","603","https://constitution.my/compare/data.json?lang=en","4bfe2c3ccad0d18ffefedf650b0842f343468b981c8c86d656e91840e8c05ea2"
"C-003","referendums","en","editorial","64","442","https://constitution.my/compare/data.json?lang=en","9a453c043d6caaba7a0c2429709173a4304fd863a2da7646661a29d6e136c523"
"C-003","freedom_speech","en","editorial","94","640","https://constitution.my/compare/data.json?lang=en","303ec330b26851fbd296c4e958ca3f93c0dc388eb86e1c3651a0a4171e73e29b"
"C-003","associations","en","editorial","84","606","https://constitution.my/compare/data.json?lang=en","914d24c08397bcce3138d5c26e9130205a336e8345be6c16d173fc26cb9b53ba"
"C-003","assembly","en","editorial","71","508","https://constitution.my/compare/data.json?lang=en","7134df86eb48dcd4db87da8b9c8ba285c79f66a93f9c01f0d9e20f27b07bda8a"
"C-003","treaty_priority","en","editorial","65","508","https://constitution.my/compare/data.json?lang=en","16ec6e5e87df4cd52348c5e3a2cde8ce63a9321569c9b84ec89ee029ff587326"
"C-003","sovereignty_language","en","editorial","72","556","https://constitution.my/compare/data.json?lang=en","0dd10672864957435d0196bc923a1712b39c702ed29e6ca922face6b627e6cd3"
"C-003","education","en","editorial","57","453","https://constitution.my/compare/data.json?lang=en","ca56b3d923274f094ee0b5c3e8337cac68469d86f5ea238860dc0a7b84d00df7"
"C-003","healthcare","en","editorial","61","410","https://constitution.my/compare/data.json?lang=en","812b632248265932a1b8660702566b1c481eefced16019882afad9502867f714"
"C-003","ecology","en","editorial","78","518","https://constitution.my/compare/data.json?lang=en","99bfb8a9a47caeefe40e3b2a7d1c35440eb193b1142c47db683ac43541484833"
"C-003","preamble","en","editorial","82","530","https://constitution.my/compare/data.json?lang=en","0d514a4b7585ff0d158fefd2ec57c761fe16ee2c3c050029711556124b4b67bd"
"C-003","language","en","editorial","65","457","https://constitution.my/compare/data.json?lang=en","7ab228e1fe3bfa2e81290745ce6a67b9bd9a5aa6b743d6a0234f2e8f3d4448a1"
"C-003","citizenship","en","editorial","87","610","https://constitution.my/compare/data.json?lang=en","4dd1d7fab246445793a73a4b20172110f316ac976d81d8bbdc7f610e877eccc1"
"C-003","marriage","en","editorial","78","486","https://constitution.my/compare/data.json?lang=en","8731fca4dd688bc36ad00ddc332c98f4110a5b73ffb785592e56e7b6c409a5a7"
"C-004","status","en","editorial","93","575","https://constitution.my/tasks/status?lang=en","ece3304e7d914ff3bc81bc5df2715cadf3648192b675e6e933eb4ec6fc5d40a0"
"C-004","source","en","editorial","77","500","https://constitution.my/tasks/source?lang=en","f2ff598b5b65b2a077a61d86fbbc17310fcda90ddc8dd38e7284770040b588db"
"C-004","brief","en","editorial","73","491","https://constitution.my/tasks/brief?lang=en","8785c72f58fd84ff6dbbaf25528dd4f054b27b21dcb575bb5bf913ad5c1775b0"
"C-004","remedy","en","editorial","168","1122","https://constitution.my/tasks/remedy?lang=en","990a93b579dff8a3720e6dc95dce8a2dd2085c949957669ac98e2d37a4d1a15a"
"C-004","participation","en","editorial","209","1408","https://constitution.my/tasks/participation?lang=en","835d31b4bdbef52cee2b2c6521269b0ea1311efa9a221e234b3bc92450dbe851"
"C-004","access","en","editorial","209","1419","https://constitution.my/tasks/access?lang=en","0e9cc76d76adf40f43f90a0f62fd3ce52c646d413c4ff2730a027dc299b25478"
"C-004","school","en","editorial","173","1089","https://constitution.my/tasks/school?lang=en","17b41e4bee52c85df57b92bc129e0baa214887a2754407b30028e103b6dc9649"
"C-004","first-steps","en","editorial","194","1338","https://constitution.my/tasks/first-steps?lang=en","b4cd898fcfcbe4da1cda7a9ddfff28476160331702c47ec5f3ed236b7e141314"
"C-004","business","en","editorial","202","1360","https://constitution.my/tasks/business?lang=en","8f895a61f0d216b2e7b8c12f4e9740a09d4706c6409d79ba0b811a4608b13df4"
"C-004","work","en","editorial","196","1328","https://constitution.my/tasks/work?lang=en","6e5da82e3b5f903bdfcf8d1231fc48f9ffc4b6c6ec4d56770089e78290611d14"
"C-004","family","en","editorial","210","1390","https://constitution.my/tasks/family?lang=en","110ac85b684863816b4592e9ac2ab461d2adfdf645f48ae1c86d1a3aa3e25217"
"C-004","environment","en","editorial","138","1024","https://constitution.my/tasks/environment?lang=en","bd67a6c28db307f7206137894aa120ca76080df9ade55302f7aebd240006e636"
"C-004","equality","en","editorial","188","1283","https://constitution.my/tasks/equality?lang=en","7909c714da3653b12c96fc8544694bc2ee07a8fb97d7d093fc46ece9a98da126"
"C-004","media","en","editorial","187","1257","https://constitution.my/tasks/media?lang=en","37da9daea7c43e04f40cea22230313870bb9b15e011019442d894a3a7bedbd6b"
"C-005","constitution-1993","en","editorial","19","148","https://constitution.my/timeline.json?lang=en","5c6a1b4e8053006f35b12f47469b2dcf680494af86ae8173ae897f5161923e11"
"C-005","constitution-1995","en","editorial","23","147","https://constitution.my/timeline.json?lang=en","db99da3dda35af666a1f8352fe45f07e1af740ef890ad458cd910b8af9f47cff"
"C-005","reform-2007","en","editorial","18","137","https://constitution.my/timeline.json?lang=en","ae9862f625184b23e6c1e4b19f8c833bd59bc9e7fc1fabd03ebe70c8b9893557"
"C-005","reform-2017","en","editorial","16","114","https://constitution.my/timeline.json?lang=en","103e21eb3ff2f8275c06753b0c0e05761f5a54de2caa14fa21d5c7efca9397ec"
"C-005","referendum-2022","en","editorial","19","123","https://constitution.my/timeline.json?lang=en","dee8f51111a735be0a287f0c974e6ad0f0d6442a4294d065539a705746b45f80"
"C-005","drafting-working-group-2025","en","editorial","15","115","https://constitution.my/timeline.json?lang=en","fec980f1ad21e1275d12c92554adec7618bc499700839a094b25a1d8235e2281"
"C-005","public-discussion-2025-2026","en","editorial","22","146","https://constitution.my/timeline.json?lang=en","6483a2871a6e196adb085ebe879dbbc293710725cf70bf54d9e4b3b92b998f1e"
"C-005","referendum-2026","en","editorial","22","134","https://constitution.my/timeline.json?lang=en","c5cd6900d279e5e61148882cb3cf73e0f6048c60c4964900f90e537cddaf1194"
"C-005","constitutional-laws-2026","en","editorial","18","127","https://constitution.my/timeline.json?lang=en","62f55c0c05fdbf0c8a59a4d9cd28e60e798f2f596eb6a8052e683ca8a346f914"
"C-005","constitution-effective-2026","en","editorial","21","135","https://constitution.my/timeline.json?lang=en","af3517d9b6c94f54bfd5dc425390ca1d6ac9906750089fa478a34034ac4d056b"
"C-005","kurultai-election-called-2026","en","editorial","19","120","https://constitution.my/timeline.json?lang=en","dfa55c538dc5f33a2424b0813e30a55edb6a421a9da46684b93febe2c8098c8c"
"C-005","kurultai-election-2026","en","editorial","21","127","https://constitution.my/timeline.json?lang=en","dc13625886f03618c416e492092ce1b9f4e89bcb4cf5d563095cef27192e9de2"
"C-005","kurultai-start-expected-2026","en","editorial","22","151","https://constitution.my/timeline.json?lang=en","8e13ea5d4157d6404aad2d013accb8d3df53af16f1d8ff3ff6388c2d092b5e1c"
"C-006","law-on-constitutional-court","en","editorial_supplement","31","224","https://constitution.my/implementation.json?lang=en","ee5fe5eb5524b7226cf82cfed4855359ad0768dce9eacd4415de6a038fdd5d47"
"C-006","law-on-president","en","editorial_supplement","35","221","https://constitution.my/implementation.json?lang=en","b2e4c34d6755eb8bd1271fb276020ac0de35364cf53676c42e77b6f7b799af61"
"C-006","transition-what-changes-july","en","editorial_supplement","40","261","https://constitution.my/implementation.json?lang=en","da14c20eb777332c3c6108e265a848d221629ff561f1da9add9ab2a61384d91f"
"C-006","law-on-kurultai","en","editorial_supplement","37","211","https://constitution.my/implementation.json?lang=en","04eb0392b2d5a80cbfb3e4836a9d4e69bbb6bc40dda0f730454e1e1942a8e48f"
"C-006","transition-new-institutions","en","editorial_supplement","49","339","https://constitution.my/implementation.json?lang=en","bd49a32e453bfa674507071ec592355070f84cfbff6fae7687e8ae11db54f4b3"
"C-006","transition-period-overview","en","editorial_supplement","37","241","https://constitution.my/implementation.json?lang=en","ad98f605f050c6c2143841217f7246dbc9f32333b9c2c0beee81731adbf5bd17"
"C-007","legal-claim-precision-2026-07-26","en","editorial","62","440","https://constitution.my/updates.json?lang=en","bdd2ccb3c4710261f2d72932c08af91e5cbd582166f32cda7d3d767b4fad8c7d"
"C-007","public-ai-and-source-surfaces-2026-07-18","en","editorial","68","435","https://constitution.my/updates.json?lang=en","424ed54d3a51fe63c14b12c49684fd71969be6a6161a57774c0c57f383724665"
"C-007","verified-source-registry-2026-07-18","en","editorial","58","424","https://constitution.my/updates.json?lang=en","e93c6d2bbc383ed5ad3b26d5f3cbff6cfb3b21b04e31cf056e624f1982cdfce7"
"C-007","current-constitutional-status-2026-07-16","en","editorial","66","434","https://constitution.my/updates.json?lang=en","4f2459add04297f7ce352e82d02a15312c8813eec4c34ab7b811e7f0cc8c6771"
"C-007","legal-interoperability-2026-07-14","en","editorial","50","367","https://constitution.my/updates.json?lang=en","15a080386ca81644975d561f57acbaaac059a3dd386d5b3ad357154df516ab4a"
"C-008","basics","en","editorial","143","967","https://constitution.my/api/basics?lang=en","d9d875adc1dd13488d56b47524f4a351a28800a6ec4a5f9da5b63bd8bb38b73a"
"C-008","about","en","editorial","216","1510","https://constitution.my/about?lang=en","b5a89c3c05e9e2b3b4316b008def2e84a8b52832e398d96161df3ba5de6ab7f7"
"C-008","editorial-policy","en","editorial","253","1773","https://constitution.my/editorial-policy?lang=en","e2f6759472e6d28e2e571c734c932a8048d020f2c7b98418cbbaaccc42a73d19"
"C-008","methodology","en","editorial","280","1928","https://constitution.my/methodology?lang=en","79e0ff40321926b532f73b33770131da0dfa67e720f0456d573833857b0fe180"
"C-008","corrections","en","editorial","312","2178","https://constitution.my/corrections?lang=en","4d159682f281baeb7a108fc23358a5e52931d4c0e813c35888ebb45736499f7a"
"C-008","press","en","editorial","411","2785","https://constitution.my/press?lang=en","8fd7e3124d661fb295f3f87cace30aa041218cf5105c474ce81689aa34c96f82"
"C-008","roadmap","en","editorial","214","1414","https://constitution.my/roadmap?lang=en","316a9967c99003f82c7027962fcb145e90783fa63c593714c6164d758470fb7f"
"C-008","tools","en","editorial","551","3589","https://constitution.my/tools?lang=en","aa1c6acb3da7e0152b446f8263fdbe790854a25fe3ea0f21873edd4bd0dd9c03"
"C-009","constitution-2026:preamble","en","normative","127","846","https://constitution.my/full-text?lang=en#preamble","70788f8de8957ff027c0f50141d2fe7e604b4b288ec0cfd5767734ecb8235166"
"C-009","constitution-2026:article-1","en","normative","26","169","https://constitution.my/full-text?lang=en#article-1","56528caf7c9fcd2e5c6da8f3003a666a87e96665148f5ac05eac9c7ec694fad7"
"C-009","constitution-2026:article-2","en","normative","139","910","https://constitution.my/full-text?lang=en#article-2","195f5f44f9aa5d6afe893b77964e2b2198b79566ed8004a76175f5322317b1bd"
"C-009","constitution-2026:article-3","en","normative","101","726","https://constitution.my/full-text?lang=en#article-3","642eaf0cee576121d70bb9218aa8442a24faf9dcbc3f8d303a8a1b7f9c452a27"
"C-009","constitution-2026:article-4","en","normative","174","1014","https://constitution.my/full-text?lang=en#article-4","ef0bb79bdf3edef043f50a6f1b664c759b21aa8f2fa10a240f3bd74bdd6469fb"
"C-009","constitution-2026:article-5","en","normative","240","1587","https://constitution.my/full-text?lang=en#article-5","883ed8f4bcfe2ed78130056b7929c1d5d96be88ed59ada3b7d59b2550683d2fe"
"C-009","constitution-2026:article-6","en","normative","233","1575","https://constitution.my/full-text?lang=en#article-6","d7fad9027d633e018aa6ea5b46c9f95cc7354b329839e54b8e72f221b8309551"
"C-009","constitution-2026:article-7","en","normative","65","430","https://constitution.my/full-text?lang=en#article-7","9463335ebf7f09da4cc32ae1beb633e0ae389e1ede0ea4d9e03700fbcc80187f"
"C-009","constitution-2026:article-8","en","normative","138","837","https://constitution.my/full-text?lang=en#article-8","f0dc6b738156726477696a6ebac7d103a7d30bd5a988e4d09acbca9c078567b3"
"C-009","constitution-2026:article-9","en","normative","57","355","https://constitution.my/full-text?lang=en#article-9","ded169f4a061d6711aa15b7f442d649a4af1a03d78cbafb1fdf9c20441ff37f5"
"C-009","constitution-2026:article-10","en","normative","37","262","https://constitution.my/full-text?lang=en#article-10","fb47916d0e3d9e0e5d0e9d4757c93834561178d6f2ea0bc02e3e028842ef1773"
"C-009","constitution-2026:article-11","en","normative","37","253","https://constitution.my/full-text?lang=en#article-11","9d9858922b60757f55677f5f4dcfd6dde75b2b1a92f2199b38d6ba004064b7d6"
"C-009","constitution-2026:article-12","en","normative","67","423","https://constitution.my/full-text?lang=en#article-12","8fd4d54200a5a7990bc5e6744d102ef4aeb98e28b072ba690323234ced26962a"
"C-009","constitution-2026:article-13","en","normative","149","912","https://constitution.my/full-text?lang=en#article-13","bca49e0217423371bf8f19bb19cbcced9a37bc427500b7f210af2cc01d9dffa1"
"C-009","constitution-2026:article-14","en","normative","46","288","https://constitution.my/full-text?lang=en#article-14","0f2682ac7679606f6608e9a7a6f78e937670874f1c6dcbc51d37f2ac49270b27"
"C-009","constitution-2026:article-15","en","normative","176","1099","https://constitution.my/full-text?lang=en#article-15","2fd8ce6d942ac4b3eb252608eefd5fe850fb8d815f557598fda7fd62e005c14f"
"C-009","constitution-2026:article-16","en","normative","66","436","https://constitution.my/full-text?lang=en#article-16","2f8e530214dc679587d3987608a81d513a4a6e1e435b50d558aab3519a2ea9fa"
"C-009","constitution-2026:article-17","en","normative","36","203","https://constitution.my/full-text?lang=en#article-17","afb84fc8248f0a288db248bcee01f70a02df71829b23d9851bcc6c818530454a"
"C-009","constitution-2026:article-18","en","normative","105","631","https://constitution.my/full-text?lang=en#article-18","8b8136ec9b0f86f5cc8aa289f4a7a4beaa613f9c074821ac87b507bb12808bea"
"C-009","constitution-2026:article-19","en","normative","84","503","https://constitution.my/full-text?lang=en#article-19","6cff9fdcf95ae6f7d48015e34840e559cae48aa7b71ecf338443b57c9d10a009"
"C-009","constitution-2026:article-20","en","normative","32","184","https://constitution.my/full-text?lang=en#article-20","114a7370cced83af0df21407976f8b2e7697c0702684ccbcbb0fd6eb9ba0961a"
"C-009","constitution-2026:article-21","en","normative","124","853","https://constitution.my/full-text?lang=en#article-21","ad2bbf32b1140fc376985cc88fa9b9b09257277568fb6667c2aacdf3748a5979"
"C-009","constitution-2026:article-22","en","normative","40","262","https://constitution.my/full-text?lang=en#article-22","e5425d3d1f910413f58b14523d32e0312a17e18af7c58834f031348d3970b499"
"C-009","constitution-2026:article-23","en","normative","163","1078","https://constitution.my/full-text?lang=en#article-23","b1e2f39d5a9e48e31802859458022429cd483bfb1dc3c351c5d4a3092708deeb"
"C-009","constitution-2026:article-24","en","normative","84","501","https://constitution.my/full-text?lang=en#article-24","374aedc07052c7170903eaa7dbc045f633721ce80489b78fe5b47c272101fa9d"
"C-009","constitution-2026:article-25","en","normative","33","192","https://constitution.my/full-text?lang=en#article-25","ff5fcdf732061c2a92772a63df2b5b999958b24b225f5b8684f106ee3b12a7ea"
"C-009","constitution-2026:article-26","en","normative","95","609","https://constitution.my/full-text?lang=en#article-26","93e3765bc92df37bb3d343feba5bdd68fd6e3309250aa4ccebdde90d541160e0"
"C-009","constitution-2026:article-27","en","normative","127","777","https://constitution.my/full-text?lang=en#article-27","e412692ce8663301d8a9861538a69a610c8e2226da4e4e2342e8786fe42ac9ad"
"C-009","constitution-2026:article-28","en","normative","80","479","https://constitution.my/full-text?lang=en#article-28","7a1a1d72d422a848be74619e94ced9dadb6b5fc4a64a4ff9cefbf8e59f7aeecc"
"C-009","constitution-2026:article-29","en","normative","109","683","https://constitution.my/full-text?lang=en#article-29","bc215508a08eea47595b7f385e7c7cdf8b243d2df67edd405ac8c3592388cb1e"
"C-009","constitution-2026:article-30","en","normative","70","406","https://constitution.my/full-text?lang=en#article-30","a1c20766862ae7f38baf865405a0e36b26d52b3981022cf1fd0fd8dc6237e478"
"C-009","constitution-2026:article-31","en","normative","59","373","https://constitution.my/full-text?lang=en#article-31","059fe6a48aa33441ef9096804de1e54e85398a2c856f84fbf2e7a5b5de354084"
"C-009","constitution-2026:article-32","en","normative","71","432","https://constitution.my/full-text?lang=en#article-32","03c1304e7e40d46d607917b8338425bcd460899e3c1744b1947cdb56e5cb32b1"
"C-009","constitution-2026:article-33","en","normative","118","809","https://constitution.my/full-text?lang=en#article-33","52f2aa1736cde8e9fd4ba18211dce1a7c43d5ca62c70a9853f110e7d2594e844"
"C-009","constitution-2026:article-34","en","normative","57","375","https://constitution.my/full-text?lang=en#article-34","837708503e9495f2f5d92fef946e7cf1ef52d992980e661c2e7284d095ff604d"
"C-009","constitution-2026:article-35","en","normative","229","1456","https://constitution.my/full-text?lang=en#article-35","862156a633e4dc257f94646dfa28bf269bfc39f81fd1da5475b4c6008b1c56ac"
"C-009","constitution-2026:article-36","en","normative","47","274","https://constitution.my/full-text?lang=en#article-36","ec903040d3ebdfc2ae97333b418a3b7d21bdfc7f16b8bc6b2f85493f25f6ed0f"
"C-009","constitution-2026:article-37","en","normative","64","392","https://constitution.my/full-text?lang=en#article-37","b4109a595503f7d3dfd6bb6b4503f0d37553f475cd7802af54c5908ff6945652"
"C-009","constitution-2026:article-38","en","normative","19","123","https://constitution.my/full-text?lang=en#article-38","d11d24bde0cad556c15cbfc6eb08377c73853d829b8f1969ed184015ba2a0c94"
"C-009","constitution-2026:article-39","en","normative","37","219","https://constitution.my/full-text?lang=en#article-39","32c5c8ba51c07a7241857925b2db8d5b8b774c0f2b170320886d7c922a70efb7"
"C-009","constitution-2026:article-40","en","normative","25","157","https://constitution.my/full-text?lang=en#article-40","ca6591252ebd5d35ead21da4ff4cecc82758d2c2c2648e48d7645e89697e1f2f"
"C-009","constitution-2026:article-41","en","normative","119","750","https://constitution.my/full-text?lang=en#article-41","8c7e7423a7e616fc69d8e78dec60658f8f206cd0835985695aeee3d236b70f38"
"C-009","constitution-2026:article-42","en","normative","114","684","https://constitution.my/full-text?lang=en#article-42","a01346feab24876dadad2016a69482092993c5990e8429944b789e825c779845"
"C-009","constitution-2026:article-43","en","normative","258","1485","https://constitution.my/full-text?lang=en#article-43","98c173b195501853e9e1d123e7507eb5e97c17f5fc56f30ef07d16cde7cb2106"
"C-009","constitution-2026:article-44","en","normative","277","1693","https://constitution.my/full-text?lang=en#article-44","70ae14954fbd86a1067753d931e42f6c80906d4419405d8acc4c836eb3f1e2e8"
"C-009","constitution-2026:article-45","en","normative","79","465","https://constitution.my/full-text?lang=en#article-45","73eda3a5e4ff12379c39c970113fedec355769fddf7c6a4b58f58cce8327cdbf"
"C-009","constitution-2026:article-46","en","normative","984","6167","https://constitution.my/full-text?lang=en#article-46","135f7d912a2d4b049278ed5813e9aa76bc1662d0a4b95fe73f28ca6e94f06495"
"C-009","constitution-2026:article-47","en","normative","155","966","https://constitution.my/full-text?lang=en#article-47","f6964e9b36ddd35175f19d285352d163669a1ae5e9cf2f379e1f1ae80f0ebb7c"
"C-009","constitution-2026:article-48","en","normative","89","559","https://constitution.my/full-text?lang=en#article-48","91b51d1f8df83562b7a06f85c330f5a330c8767e9a3763cfb04e2c9ce7302582"
"C-009","constitution-2026:article-49","en","normative","122","746","https://constitution.my/full-text?lang=en#article-49","055b8fc53ac20ca5583931a9d48c6edd77285b53ff610e3e67b190839fc29443"
"C-009","constitution-2026:article-50","en","normative","478","2922","https://constitution.my/full-text?lang=en#article-50","c53d8108cc7c207c6c4d7623470978548b7c6c46858772786bc244139e8b6f25"
"C-009","constitution-2026:article-51","en","normative","345","2084","https://constitution.my/full-text?lang=en#article-51","eb736be46cc6b9c13c5806d9571663858db0614f871a1799386d05c89da91b4a"
"C-009","constitution-2026:article-52","en","normative","95","567","https://constitution.my/full-text?lang=en#article-52","7dc4e74b80f69f69bb8d2b1dbdddf5ac9d45cc891de30702fd169abd718430ad"
"C-009","constitution-2026:article-53","en","normative","48","315","https://constitution.my/full-text?lang=en#article-53","de4de773465d0332150388a8ab53c14c9aa2365da5bdc9add9199883211d69d3"
"C-009","constitution-2026:article-54","en","normative","143","819","https://constitution.my/full-text?lang=en#article-54","ff2295f7022a87a6365f60497f58846fb088d7a17473937a9186c56ec21f25eb"
"C-009","constitution-2026:article-55","en","normative","381","2315","https://constitution.my/full-text?lang=en#article-55","f0c2715f66b27d8817b960b6b77c56855dd9f1dd8ae1ef0a86af0e999dced7c7"
"C-009","constitution-2026:article-56","en","normative","709","4197","https://constitution.my/full-text?lang=en#article-56","b48751b5a92ecaec86e2bdd495a15185c6366730e893ef79a1d0bd52a49af227"
"C-009","constitution-2026:article-57","en","normative","244","1458","https://constitution.my/full-text?lang=en#article-57","af5c22cf773fdb453f5400994b122e961de8f7cf7c178c5f2c5e1f7131dc8e04"
"C-009","constitution-2026:article-58","en","normative","270","1543","https://constitution.my/full-text?lang=en#article-58","1ba538436a39032f5f6a6e39103ffff27095df594582791856097bdd2a3db2af"
"C-009","constitution-2026:article-59","en","normative","33","224","https://constitution.my/full-text?lang=en#article-59","1eab66ecb2021d0c8f1b7f99c87c6517dbf1c674fdc9f0c4a90058ec3a282263"
"C-009","constitution-2026:article-60","en","normative","590","3606","https://constitution.my/full-text?lang=en#article-60","16dd19857c9de21c5391bd46bb71ec73d4687d514a4c166bd9adaac14def5ec5"
"C-009","constitution-2026:article-61","en","normative","164","1015","https://constitution.my/full-text?lang=en#article-61","81d97480667269400e8fd3e9176f8abbc2320253f6b5e4dee3122547a8109349"
"C-009","constitution-2026:article-62","en","normative","140","814","https://constitution.my/full-text?lang=en#article-62","141f46f4fffc51bc7fd6077cc279da82b27b205f29a6c50d49c65d70ddffff5b"
"C-009","constitution-2026:article-63","en","normative","98","616","https://constitution.my/full-text?lang=en#article-63","ea8b65cee247d49a0097eb214cf4d4b9e3c158440603feacb7216a9473546582"
"C-009","constitution-2026:article-64","en","normative","85","504","https://constitution.my/full-text?lang=en#article-64","03e2b2e4dcfcfd885e648b38021f097b1136b85cec45521ddf71c2acdce456c6"
"C-009","constitution-2026:article-65","en","normative","178","1100","https://constitution.my/full-text?lang=en#article-65","241c1b03d2b37b532ad5a28a38b76f39c74d9e748a8f645f94cf120320fd234a"
"C-009","constitution-2026:article-66","en","normative","70","452","https://constitution.my/full-text?lang=en#article-66","74220873845982b853288cec67f89a970562691acad4d1b9393c77c09122be06"
"C-009","constitution-2026:article-67","en","normative","129","814","https://constitution.my/full-text?lang=en#article-67","84a7a27763d222e3dad831b064887376d1d43ecb0593248a42cba3f7bcaa687e"
"C-009","constitution-2026:article-68","en","normative","69","452","https://constitution.my/full-text?lang=en#article-68","535f9da368a3e605e1c49193395f35184979f32fd1b55506779439dad8d306eb"
"C-009","constitution-2026:article-69","en","normative","224","1371","https://constitution.my/full-text?lang=en#article-69","210422054510f3c5b1cbda945b611290cd7bdb77fcf783a474ee636bf78189b8"
"C-009","constitution-2026:article-70","en","normative","71","474","https://constitution.my/full-text?lang=en#article-70","848f9a83c217ba4da90ed54dc8a49dbff2cdb9578833c6390895ac977e4dd8e5"
"C-009","constitution-2026:article-71","en","normative","73","496","https://constitution.my/full-text?lang=en#article-71","17e3bdb556be00f090905c0dc15d0d21257054f109eae09edbc1dc05281a1280"
"C-009","constitution-2026:article-72","en","normative","344","2167","https://constitution.my/full-text?lang=en#article-72","1b83771298babe93dae15d5201e1bdba6ff63b3f3036785da5f08ab687032119"
"C-009","constitution-2026:article-73","en","normative","371","2403","https://constitution.my/full-text?lang=en#article-73","ef18dfafbaeff4e717daf41cd6bcf9f6d24a7a6d6c4dcc4c422dd9aff57b9fdf"
"C-009","constitution-2026:article-74","en","normative","121","740","https://constitution.my/full-text?lang=en#article-74","019e10a37f8a23a3f8973580332223fb46a283330d1a5876b108714993218101"
"C-009","constitution-2026:article-75","en","normative","197","1297","https://constitution.my/full-text?lang=en#article-75","f8f5b65f79850fb0bb757c96d722cb2eaf97842ed859bb531a152a5478f9421a"
"C-009","constitution-2026:article-76","en","normative","102","658","https://constitution.my/full-text?lang=en#article-76","bbfeb8933c6f6ef75cd96b4eed7157bc73af2eb6c54039ab06d68fb5cf89ca72"
"C-009","constitution-2026:article-77","en","normative","107","708","https://constitution.my/full-text?lang=en#article-77","2410ce97e148dde766c4690e051b42c4096a94f3bc36327987e5486e51838799"
"C-009","constitution-2026:article-78","en","normative","175","1022","https://constitution.my/full-text?lang=en#article-78","e468aa245cffc5636914053b27e987db8269b4a3ca8a5709c5ce81b9b0720f05"
"C-009","constitution-2026:article-79","en","normative","78","501","https://constitution.my/full-text?lang=en#article-79","e059b707d348fe42fd1bd2829de5403ac84bbf4920cf2d7950bc021ea2e11a56"
"C-009","constitution-2026:article-80","en","normative","169","1060","https://constitution.my/full-text?lang=en#article-80","41d6da86aabc08e54960a1be0ff5ee368accb386a6e17ff5426303528dfd8780"
"C-009","constitution-2026:article-81","en","normative","30","184","https://constitution.my/full-text?lang=en#article-81","6cf3da1d8769304b93ea07fdfffc83a25c3e058b2db1f99cb89e3ddb4dd93235"
"C-009","constitution-2026:article-82","en","normative","44","287","https://constitution.my/full-text?lang=en#article-82","b2ee7ccd2a17377409d99eba3b2dda6576b5c023479d28ea04eabdda272e77d0"
"C-009","constitution-2026:article-83","en","normative","187","1116","https://constitution.my/full-text?lang=en#article-83","e511688d2962c61c71ee603ae0fdad415d8d10c5db5fde749347413b9c8709bc"
"C-009","constitution-2026:article-84","en","normative","232","1468","https://constitution.my/full-text?lang=en#article-84","93dce638e254db99e22403928c3d0e66dc018c128456cdc5015ebc371b89282e"
"C-009","constitution-2026:article-85","en","normative","166","1035","https://constitution.my/full-text?lang=en#article-85","e5c9cf5ae65b26166c25ddd8d37dbefb995732ebc048c86767e0646117c5ce73"
"C-009","constitution-2026:article-86","en","normative","71","457","https://constitution.my/full-text?lang=en#article-86","575da345015cd5cc0ebd966a2b1e6fdab0f681df7ba2a2ceb74ccee5cd1b8044"
"C-009","constitution-2026:article-87","en","normative","25","176","https://constitution.my/full-text?lang=en#article-87","e472c7394a3a87e9e44699e686dc91690b9b2df3d12a28307b88460fa1e0f338"
"C-009","constitution-2026:article-88","en","normative","283","1794","https://constitution.my/full-text?lang=en#article-88","62c3522dd6031a12a46b7c85ea0c21e39301216d726221502561a40e49bb1637"
"C-009","constitution-2026:article-89","en","normative","446","2786","https://constitution.my/full-text?lang=en#article-89","2aec85b5dd7329d08f602663a2399f2cb086af75a5a4880050d3bf51920e950d"
"C-009","constitution-2026:article-90","en","normative","111","693","https://constitution.my/full-text?lang=en#article-90","a83043aaa6fe29b35b09b457e27c1d8bf59198b8c1d68d60b28abd5b33f98f49"
"C-009","constitution-2026:article-91","en","normative","110","767","https://constitution.my/full-text?lang=en#article-91","6244cd4a92eae18728629b19164b9ffa2ff1f3f84126481c242dcbe28a5c02ca"
"C-009","constitution-2026:article-92","en","normative","132","804","https://constitution.my/full-text?lang=en#article-92","9e45ef3e0c3c482f857f9622d86c71c86bb37c6e127cacfe498f7e2d4673aec8"
"C-009","constitution-2026:article-93","en","normative","50","329","https://constitution.my/full-text?lang=en#article-93","bd17568c83bb5ed106f27b9639b7d94531af9a20447f46d367673f29f1cac2a8"
"C-009","constitution-2026:article-94","en","normative","60","388","https://constitution.my/full-text?lang=en#article-94","dd37c19ca48f7b14488a231ff5da1ae7b7943979b8c9a024f3e4f9b99303a17e"
"C-009","constitution-2026:article-95","en","normative","360","2230","https://constitution.my/full-text?lang=en#article-95","7ea777b72ae69c908c12b078863f959d9f454ce17f94fdfe3881a5507db78092"
"C-009","constitution-2026:article-96","en","normative","109","703","https://constitution.my/full-text?lang=en#article-96","d41e7070ff6cf3f2a84597d9e7a637aba3fb04722b39a9820b221a84ba2e319f"
"C-010","constitution-1995","ru","normative","10409","84355","https://constitution.my/constitution-1995?lang=ru","57fcecd5c90d249dbeb6a408ffb73b0a8191a82ab68ee1dcf15cf40306a73c5f"
"C-011","2436","ru","quotation","40","352","https://qaz.vision/dokument/117","03d35fa32dab7eba06d43900b2b6d012201c906a9a8a5c2b1df1d8c221e35eb5"
"C-011","2461","ru","quotation","48","430","https://qaz.vision/dokument/119","4bb2e03159f23b1067121e2805ed72df3552193dcb5153d99b965602dc383ade"
"C-011","2463","ru","quotation","47","415","https://qaz.vision/dokument/119","a5a0a11bd6aa9f11e985eb757dd5da672027aa741bd546f28c634d66c9f7b54d"
"C-011","2496","ru","quotation","32","323","https://qaz.vision/dokument/122","bdf18ce03bd9118cb227082ed3b6468510abe1444da6e0fff55e2ba33b09a357"
"C-011","2568","ru","quotation","64","512","https://qaz.vision/dokument/131","488c0e3dbe8b1c6b17be400b93f289991772e2eec2cd7845dfcfcc5ce4815db9"
"C-011","2849","ru","quotation","51","428","https://qaz.vision/dokument/208","931966c9c942a5da883382fdb2010e0e318e49a402a3c472c38c3b7f7eafc4eb"
"C-011","3082","ru","quotation","27","254","https://qaz.vision/dokument/242","369bdc31c60f7ec128652addaafcb700a63a44cab66a289dd22376cdeec4d7bd"
"C-011","3368","ru","quotation","46","360","https://qaz.vision/dokument/294","24847fe402dc221064ae6976547634f56892316f87ab0d9ed962c1f0dee087eb"
"C-011","4071","ru","quotation","46","432","https://qaz.vision/dokument/466","0ad32b6656928aa00d634ad59f7c4896d2def771eb3c1dd7d4ae399faf4df89c"
"C-011","4177","ru","quotation","44","383","https://qaz.vision/dokument/503","53092032ee938d252415dd202946b5fa2b11bf3d39d9d0c2a29d62f544e904d0"
"C-011","4547","ru","quotation","39","333","https://qaz.vision/dokument/599","ba0773a425aa3f57d5de09d3c3526146e627fed68e85b5849af89540ccaf692d"
"C-011","619","ru","quotation","69","583","https://qaz.vision/dokument/76","1f2a248d0708a9f6ade80b51919d92f72bc63ffeb082b274178d1a417190be4a"
"C-011","657","ru","quotation","62","570","https://qaz.vision/dokument/95","273324018f68513424d0cd0f74b3cc841bfd52724cf11b0cb13909de28635cd4"
"C-011","660","ru","quotation","66","596","https://qaz.vision/dokument/96","4bdbbf3c6f000a7003de7dee978128b5882a462032d4e468a58590f0506d0ce9"
"C-011","663","ru","quotation","62","453","https://qaz.vision/dokument/96","f16d760afb75d6766f5a2b8e585544d9d80eafb0f82667c3e3b6c0a1a0019f91"
"C-011","7736","ru","quotation","38","303","https://qaz.vision/dokument/1414","fc008c34017151cbdd40cd5af55e42df6a9ea2228024df1c7ce893ebf98e3605"
"C-011","818","ru","quotation","62","439","https://qaz.vision/dokument/27","1be7aeb24565e1be53223960e08f981cc07d1c994f621d57a7730915282dd1bb"
"C-011","831","ru","quotation","51","375","https://qaz.vision/dokument/91","d724f9a3ef6deba60aaab35229ab0615d1d386c61ef62c400e6d9b97ffb83f41"
"C-011","832","ru","quotation","67","504","https://qaz.vision/dokument/91","21d8fae164f38b257a6a613b69e95afde7a29a50505fd31145e4a31db183c383"
"C-011","9346","ru","quotation","44","400","https://qaz.vision/dokument/3131","30cb7fb33e9292aeab5fd3e219dd157b533785e42a31ad1f07b66837fef5446c"
"C-011","938","ru","quotation","59","456","https://qaz.vision/dokument/87","fba6f0b3ee48619c589cba35f3f889eea6b9b94104fb95ee52fb1944b718da56"
"C-012","i18n.js:brand","ru","interface","2","15","Интерфейсный словарь поставки","6285585d098a2eaa594ab8ad577fdeb56e8ff4d48f2cfa0124ae3190ed885f55"
"C-012","i18n.js:home","ru","interface","1","7","Интерфейсный словарь поставки","d328e53dc4561e099c85d45d26fea5d20aac5ffc2b949a0388eb794e30db40cb"
"C-012","i18n.js:basics","ru","interface","2","13","Интерфейсный словарь поставки","da8cd89d60895765c07b149c9ce48c4f1b24417d822e3d92d4de030d3a5d76d0"
"C-012","i18n.js:fullText","ru","interface","3","17","Интерфейсный словарь поставки","3db10c82d2ee6c0a5bd9e47daf0fa2dd95baf6af38ee50d7c1a7b2dced6aada2"
"C-012","i18n.js:constitution1995","ru","interface","2","16","Интерфейсный словарь поставки","56d5f0e22aaaf9ee6f5899cf5a615e93222ed352496e17100bb5efc2cdec185a"
"C-012","i18n.js:timeline","ru","interface","1","10","Интерфейсный словарь поставки","24c7474a8433d4acbbf01bd7fbf3be8e3093851d181a1fd5a5a11e662a1afbe9"
"C-012","i18n.js:navRoadmap","ru","interface","2","13","Интерфейсный словарь поставки","68069c5ab04fc7f336bf6b05205300ae003d585d2c071604a3b900cb0bb55170"
"C-012","i18n.js:badgeCurrent","ru","interface","1","9","Интерфейсный словарь поставки","b17fde534b74e745af978c60717b52a7d8212b72b18d709a30fdf781b4bfac47"
"C-012","i18n.js:roadmap","ru","interface","2","13","Интерфейсный словарь поставки","68069c5ab04fc7f336bf6b05205300ae003d585d2c071604a3b900cb0bb55170"
"C-012","i18n.js:current","ru","interface","1","9","Интерфейсный словарь поставки","b17fde534b74e745af978c60717b52a7d8212b72b18d709a30fdf781b4bfac47"
"C-012","i18n.js:press","ru","interface","1","9","Интерфейсный словарь поставки","c4dbefdb74f6d4e3722524641733ac11ce078f86ac18d9ceaf98c67a4f84150c"
"C-012","i18n.js:compare","ru","interface","1","9","Интерфейсный словарь поставки","c2a9007babf249f4988749b65168031091fbb0954bd15974ff7767f2b4e1b673"
"C-012","i18n.js:glossary","ru","interface","1","9","Интерфейсный словарь поставки","9c052964cdd725d51910139741cf87bd65c7cdc933535c05d5443fc8e267589b"
"C-012","i18n.js:search","ru","interface","1","5","Интерфейсный словарь поставки","180f58ab975323f98064952d056a0fdf5ca7479de168c77b8c0799aaf011aa92"
"C-012","i18n.js:about","ru","interface","2","9","Интерфейсный словарь поставки","d09828b0005f320b718a9fe54a325d0152aeaca24a75d0ed67274ecc10fff61d"
"C-012","i18n.js:assistant","ru","interface","1","8","Интерфейсный словарь поставки","b798a37544b6a31bb4848c207d2751a67ec7ed83c5e5dec5ff7026a2f11c38f1"
"C-012","i18n.js:assistantLabel","ru","interface","4","28","Интерфейсный словарь поставки","03d7fc85048f0761d0d45e167d8b53d4c04f64746745e346015dd4311843b968"
"C-012","i18n.js:legalBasis","ru","interface","2","18","Интерфейсный словарь поставки","693a4425b7f8fa2d128c7cccf54bc790982283845df5fcbb4bd6512e59fe5bff"
"C-012","i18n.js:themeLight","ru","interface","3","21","Интерфейсный словарь поставки","db51ef1a37b706a5824f10b72ffdc1891280fc195ba040acfd7499a24dc4d58b"
"C-012","i18n.js:themeDark","ru","interface","3","20","Интерфейсный словарь поставки","91938c4f36b2e63a61812c989fb74b8d57a9147654f7a5dde61cae4f1543e6e5"
"C-012","i18n.js:disclaimer","ru","interface","7","64","Интерфейсный словарь поставки","00d435d882381cc3f68758bc5154a66f3ed22dff6d09e9bec71dabca96c0f530"
"C-012","i18n.js:brand","kk","interface","2","18","Интерфейсный словарь поставки","e6cf6bbbeaefd5f5a20e876175897f412397101fe0c1e874e988e6a6e41b72d4"
"C-012","i18n.js:home","kk","interface","2","9","Интерфейсный словарь поставки","15a3fe6b319add9807eb6d62a6046f4c6d153a662b2aee41e44b90374f5306df"
"C-012","i18n.js:basics","kk","interface","2","18","Интерфейсный словарь поставки","4d15ab8d9ccfefa713ad102f29591c91f6e88c10ba814a8e3d97331141e87c5e"
"C-012","i18n.js:fullText","kk","interface","3","17","Интерфейсный словарь поставки","5f84cb62202b2415bbf4ccb725326ca5b11b2e82e45d848998fea87e77d9bdd8"
"C-012","i18n.js:constitution1995","kk","interface","2","18","Интерфейсный словарь поставки","c5e58c8cef928fb299cd0927e6d5b82be8a398a6446c5e6120e9c18ce67d1bdb"
"C-012","i18n.js:timeline","kk","interface","1","5","Интерфейсный словарь поставки","cdc8dedc990a313bac5ef03a70bf65b9f081a12dafbe7d1be05f34da008899a2"
"C-012","i18n.js:navRoadmap","kk","interface","2","15","Интерфейсный словарь поставки","e87141053ce24c2e517b7baa819db86d60f14c67d7710d2a9a6c958f477ad91c"
"C-012","i18n.js:badgeCurrent","kk","interface","1","6","Интерфейсный словарь поставки","9c46763034e3070f8ae4ef795b03e02ab66c6596cd7aa93164bae1f618fd7ac5"
"C-012","i18n.js:roadmap","kk","interface","2","15","Интерфейсный словарь поставки","e87141053ce24c2e517b7baa819db86d60f14c67d7710d2a9a6c958f477ad91c"
"C-012","i18n.js:current","kk","interface","1","6","Интерфейсный словарь поставки","9c46763034e3070f8ae4ef795b03e02ab66c6596cd7aa93164bae1f618fd7ac5"
"C-012","i18n.js:press","kk","interface","2","15","Интерфейсный словарь поставки","70f3df763221ac4c54181c7d1737bae76ba203465beb61218b0eae7771b7b5e6"
"C-012","i18n.js:compare","kk","interface","1","9","Интерфейсный словарь поставки","e06a60e3ddcb377ecb0618ac98f07cb5af6c428a62bceb4f5141f18d0d5a48d2"
"C-012","i18n.js:glossary","kk","interface","1","6","Интерфейсный словарь поставки","505cdbf4350b17ca2fc23c4f190b8906b3dd80fe84bc85f23d318b15633fe25d"
"C-012","i18n.js:search","kk","interface","1","5","Интерфейсный словарь поставки","47762775061cf47028fcea283cec58f382c5b7a1be63ac915a31015ee5670d0f"
"C-012","i18n.js:about","kk","interface","2","11","Интерфейсный словарь поставки","ffab419e7e53ff7617e894614b6ff825f0f40c22dd40ba5d81dab3c39522bfaf"
"C-012","i18n.js:assistant","kk","interface","1","7","Интерфейсный словарь поставки","aace6f01fec962b0a4d9e86b3307279c4e73ef38ca3014c4694c50d095dc10ae"
"C-012","i18n.js:assistantLabel","kk","interface","4","25","Интерфейсный словарь поставки","44e8221600f8c3084d943d3dc875d762ba4ac000fd20d77ffc0d6a04fc75d9fe"
"C-012","i18n.js:legalBasis","kk","interface","2","14","Интерфейсный словарь поставки","f8f8a233d4c181ca3e3beb23dc09f9cdd85d50a7fa6072bb950898ef991aec36"
"C-012","i18n.js:themeLight","kk","interface","3","20","Интерфейсный словарь поставки","423e5b0385d08999c797f9bc8714a3d581b93cbb3d84d1a35d484699f0dc62d5"
"C-012","i18n.js:themeDark","kk","interface","3","22","Интерфейсный словарь поставки","d25383050280826e59b140196ac76d5dca9a349d5334478d846f44c42b07718d"
"C-012","i18n.js:disclaimer","kk","interface","6","41","Интерфейсный словарь поставки","2d774845dd9a04d9fe33a725d36b7e42874a995d45285a2da9fee8f895f4e7c4"
"C-012","i18n.js:brand","en","interface","2","15","Интерфейсный словарь поставки","3615a346e4add616a70bff76866568fb8e12c305f82a1f4b3bf9d9b739277bce"
"C-012","i18n.js:home","en","interface","1","4","Интерфейсный словарь поставки","3a78695388b38b5cceefaf6796b0137877514593543b91af2752d5a17e3d736c"
"C-012","i18n.js:basics","en","interface","3","22","Интерфейсный словарь поставки","6d06fe2673dde90842640cda5a5bcce2ca4c1462850b9e691551b0638b6da2ee"
"C-012","i18n.js:fullText","en","interface","3","14","Интерфейсный словарь поставки","44d5e3d86866589c4c147a7a2969a4b40bd32ab15207c751c4abd2eb87ce3a66"
"C-012","i18n.js:constitution1995","en","interface","2","17","Интерфейсный словарь поставки","e82de26e90f7a101c9df26e3aad046256d5dfef2e4603f41b7377f5276b2076b"
"C-012","i18n.js:timeline","en","interface","1","8","Интерфейсный словарь поставки","9dcff98e275f0cb911f1523ef5c629c0aabe9e3b642a6b71ac7d2569e9717121"
"C-012","i18n.js:navRoadmap","en","interface","2","14","Интерфейсный словарь поставки","a80a02f7d1469b81d4cf56cf2dbd656a6efeec0fb44b3893db887f4081f5a380"
"C-012","i18n.js:badgeCurrent","en","interface","1","7","Интерфейсный словарь поставки","e0d1b68224bf0b31ef16b206c65b5f8f6b89d18161f4a7cdcb8d0ac8d952549a"
"C-012","i18n.js:roadmap","en","interface","2","14","Интерфейсный словарь поставки","a80a02f7d1469b81d4cf56cf2dbd656a6efeec0fb44b3893db887f4081f5a380"
"C-012","i18n.js:current","en","interface","1","7","Интерфейсный словарь поставки","e0d1b68224bf0b31ef16b206c65b5f8f6b89d18161f4a7cdcb8d0ac8d952549a"
"C-012","i18n.js:press","en","interface","2","9","Интерфейсный словарь поставки","01ca2f9c46249aa22e3799cf17d153efbe5a1ab4ccf4df4e2dc6bdfd8b7a42a1"
"C-012","i18n.js:compare","en","interface","1","7","Интерфейсный словарь поставки","e888155d8c7d2e3c3f9eb1bf57e8d81ba1a3c182b5e94b01e09de2cb2cca81f9"
"C-012","i18n.js:glossary","en","interface","1","8","Интерфейсный словарь поставки","4c4e436f9a453c776dbf011f98d932d615988bb08bddec6051625340e88d012f"
"C-012","i18n.js:search","en","interface","1","6","Интерфейсный словарь поставки","49c266baaaa70981ea188fa714d5c40cf13830d786a861c9943ae0d26a7f3fe9"
"C-012","i18n.js:about","en","interface","1","5","Интерфейсный словарь поставки","4efca0d10c5feb8e9b35eb1d994f2905bb71714e6a271f511d713b539ea5faa1"
"C-012","i18n.js:assistant","en","interface","1","9","Интерфейсный словарь поставки","391e405152779acc6b0f9429f3a4e27baf2af0deab2c37ba792311efa767d676"
"C-012","i18n.js:assistantLabel","en","interface","4","25","Интерфейсный словарь поставки","c2f0fac9c45ea75009bd76b077c89e001df4cef0687be786034cd29c319ff66e"
"C-012","i18n.js:legalBasis","en","interface","2","11","Интерфейсный словарь поставки","f99ab164ae6f342baa7a11d5f0652ff418357d9d8c9e4b06f6ac5610aa66a919"
"C-012","i18n.js:themeLight","en","interface","4","21","Интерфейсный словарь поставки","2f740f4cf6888e99dfe73f3d6208323cb350b33a37016e1ae3367a90b3e93c84"
"C-012","i18n.js:themeDark","en","interface","4","20","Интерфейсный словарь поставки","8abe9e0ba6b6f3834c2e48d2f858557641277e2c17463e526685fe3f95967843"
"C-012","i18n.js:disclaimer","en","interface","12","63","Интерфейсный словарь поставки","a008155628dbeead350638a7e3085e31fadbac72b7c31c6e7a49d118fdd3ca7c"
"C-012","chat-widget.js:title","ru","interface","1","8","Интерфейсный словарь поставки","b798a37544b6a31bb4848c207d2751a67ec7ed83c5e5dec5ff7026a2f11c38f1"
"C-012","chat-widget.js:subtitle","ru","interface","3","17","Интерфейсный словарь поставки","bb41a3a0df24606dfcf5986591dfc9740019420d3af86148ab0d266a6d6f64a7"
"C-012","chat-widget.js:welcome","ru","interface","4","29","Интерфейсный словарь поставки","a6aabc7195a8905ccbeacd466bf60921d37faa3e24276eebe38e9af1988822f8"
"C-012","chat-widget.js:welcomeDesc","ru","interface","9","72","Интерфейсный словарь поставки","3d0e238805467b7a007ede16575f566e9076bb8792a3c88c28200cb4f10c9cb5"
"C-012","chat-widget.js:placeholder","ru","interface","3","23","Интерфейсный словарь поставки","7936262a86a63fefe064de91247ef6d846d7e248c6a2dc9ca798221974e77223"
"C-012","chat-widget.js:searching","ru","interface","3","18","Интерфейсный словарь поставки","9493f60ff81ce58b062facec7f37cf7887207897a4f70ef4acdeaff62b5083f6"
"C-012","chat-widget.js:sug1","ru","interface","8","46","Интерфейсный словарь поставки","36fc058172a0773b104ee483e0a055a3b9fbafeed01558578ad529f60d840151"
"C-012","chat-widget.js:sug2","ru","interface","8","41","Интерфейсный словарь поставки","347b26b1d3af00ba5ee67ea818f22d7343e2ddbd3e167e4964268501cf6ea721"
"C-012","chat-widget.js:sug3","ru","interface","6","46","Интерфейсный словарь поставки","b8d5528eb29b4aa9f5462e6c8e5d164c8aa635dafc868072be9436ebef7676e0"
"C-012","chat-widget.js:disclaimer","ru","interface","5","43","Интерфейсный словарь поставки","249802afeb9190b799271e751e3e6d5d7e273fae59001032b6807a486c0b5ca2"
"C-012","chat-widget.js:provider","ru","interface","4","18","Интерфейсный словарь поставки","c9f365e745908b330a38bb4a1af55feeecb79289d9067bb8ce7a4969e0250a9d"
"C-012","chat-widget.js:fabLabel","ru","interface","3","23","Интерфейсный словарь поставки","3091695470c15f719c6a4ed4a6feeb979f350008a9affc1414522378a1dadf95"
"C-012","chat-widget.js:close","ru","interface","2","17","Интерфейсный словарь поставки","33149623158249b9c198f182ece4840c7d3ccaa68c74eedc6d40b3ab67b3d557"
"C-012","chat-widget.js:send","ru","interface","2","16","Интерфейсный словарь поставки","08bbfb867f8cc8c050ba7d4bbf962353d12e37ec1b64427411a75c83f63a1818"
"C-012","chat-widget.js:errorServer","ru","interface","2","14","Интерфейсный словарь поставки","541dac4dbfa35c7ea2def9f82a7b0892f78ec7426b3f412ba52bba74498f93fb"
"C-012","chat-widget.js:rateLimited","ru","interface","7","52","Интерфейсный словарь поставки","9310e0e61fa996db2344016211e4d8d5a0eba0de24d76f6a3744e149d424251c"
"C-012","chat-widget.js:errorGeneric","ru","interface","1","6","Интерфейсный словарь поставки","bf22dfeeba8b85081505bd47f6c08ec80c510d3ca254784edcd0ffcb449dad5d"
"C-012","chat-widget.js:errorNoResponse","ru","interface","6","37","Интерфейсный словарь поставки","ef4cffea391eaca2cea0ea4590407242e2e6bd99e61caa270b81d5c6ac1b7c3e"
"C-012","chat-widget.js:languageMismatch","ru","interface","14","105","Интерфейсный словарь поставки","b33710cad371fa305b2c6ffe0687471a500d13e55f33e0b70685061d52893409"
"C-012","chat-widget.js:errorConnection","ru","interface","2","17","Интерфейсный словарь поставки","119f4ad16eeb9188ec1a5a47f8e15efd29b56fc6d99cf9ba3cfddd409d2edfb5"
"C-012","chat-widget.js:retry","ru","interface","1","9","Интерфейсный словарь поставки","5189135a6110bd31b69bbcb3487109995252165ac7ee7da59ead9d789f690248"
"C-012","chat-widget.js:seconds","ru","interface","1","1","Интерфейсный словарь поставки","a1f5d39a12e8f6bed437ee6c16fa961dcd6a5af84e1518290a577a029e7501e2"
"C-012","chat-widget.js:title","kk","interface","1","7","Интерфейсный словарь поставки","aace6f01fec962b0a4d9e86b3307279c4e73ef38ca3014c4694c50d095dc10ae"
"C-012","chat-widget.js:subtitle","kk","interface","3","24","Интерфейсный словарь поставки","74d6e77825214daaf5b22044c726b88bf4b9dba6a439fc8202ee0824bd144905"
"C-012","chat-widget.js:welcome","kk","interface","4","32","Интерфейсный словарь поставки","fabe3d6e1eb71c11108eaf775a65b31fe02a69260bb47d4335073cb7c1615704"
"C-012","chat-widget.js:welcomeDesc","kk","interface","8","69","Интерфейсный словарь поставки","f0ab31f2c5fec36c9c2689554f79291065e6762b902c230d95c72238ad87ade6"
"C-012","chat-widget.js:placeholder","kk","interface","3","27","Интерфейсный словарь поставки","24fa3b351d1def1cd9a574376913aff321594b06e6103eccbb83a08365567bf9"
"C-012","chat-widget.js:searching","kk","interface","2","18","Интерфейсный словарь поставки","4d7fbe2dd261f42e0a4a68bdb99220feab7806ef9893e9c3237465f79638c247"
"C-012","chat-widget.js:sug1","kk","interface","8","46","Интерфейсный словарь поставки","7bba6deec5b32a144e777ab91b00152e4e922716a1dcca5e053af4e7b55c9fb1"
"C-012","chat-widget.js:sug2","kk","interface","6","43","Интерфейсный словарь поставки","31198035eb75d3af19277b43850d728121f2a382726ff17d4f17bffbba07da05"
"C-012","chat-widget.js:sug3","kk","interface","7","52","Интерфейсный словарь поставки","824d4e103a3f7e51678e04eef71dba6197dff15b7bc5d9c092e31aa750c3eeae"
"C-012","chat-widget.js:disclaimer","kk","interface","4","40","Интерфейсный словарь поставки","6f80929f235848a029f9e2ce8f8992a87043e491256911f4b329e8e3d351fab2"
"C-012","chat-widget.js:provider","kk","interface","3","20","Интерфейсный словарь поставки","ece9429b0b78d48b3152eeb002c28eb49195cffeaa363a777af88eacd5e5fcbb"
"C-012","chat-widget.js:fabLabel","kk","interface","3","27","Интерфейсный словарь поставки","8c4b71951be7ecfed6bb13a5916f0627c3be173b7dd94b7d833f8e4d419c0353"
"C-012","chat-widget.js:close","kk","interface","2","14","Интерфейсный словарь поставки","56f0c8d6c94dfcac6be2f9fab1f4cd8eb346848a629e8ac83f21710505c7ef7c"
"C-012","chat-widget.js:send","kk","interface","2","14","Интерфейсный словарь поставки","5a2293ceaa03e82eadaab252b4793591ae4a85500da4ac48db6b66b77ccc3b30"
"C-012","chat-widget.js:errorServer","kk","interface","2","13","Интерфейсный словарь поставки","1278f118f97bc2f9554cc84a02af2d09cc034eddb7a04503c36444d662544833"
"C-012","chat-widget.js:rateLimited","kk","interface","7","44","Интерфейсный словарь поставки","3bccda428b1a48c9e750c18d67fdadc1f541f0798bb97d745d5f43aea954c2bb"
"C-012","chat-widget.js:errorGeneric","kk","interface","1","4","Интерфейсный словарь поставки","63cf8646420641d94478e9d2dbc865a82cb28d1013a6f0c1fad4b11c67e94a09"
"C-012","chat-widget.js:errorNoResponse","kk","interface","4","30","Интерфейсный словарь поставки","1bacf19214f57c150017b194b7d5028281912b0bb6a855c151c7f635d4c52b95"
"C-012","chat-widget.js:languageMismatch","kk","interface","11","102","Интерфейсный словарь поставки","5daea6971a4d9703ef3260c5570c748ab437613fafabb86accb7d1998d634919"
"C-012","chat-widget.js:errorConnection","kk","interface","2","13","Интерфейсный словарь поставки","bfca9696982a12be13ac3beab3e6f2e497841c96ae8eb0326cac5d6dec320d33"
"C-012","chat-widget.js:retry","kk","interface","1","8","Интерфейсный словарь поставки","444a12283520e16f715eb630f08dc178bd44a64bf3f99d77dfd05012f4eea2f6"
"C-012","chat-widget.js:seconds","kk","interface","1","1","Интерфейсный словарь поставки","a1f5d39a12e8f6bed437ee6c16fa961dcd6a5af84e1518290a577a029e7501e2"
"C-012","chat-widget.js:title","en","interface","2","12","Интерфейсный словарь поставки","0ad1b06f64f2d3ba35c04017a7f57f7fb63bdb3f355cd98c0862af015a62a94f"
"C-012","chat-widget.js:subtitle","en","interface","5","33","Интерфейсный словарь поставки","ad682384d2a8945cb6dfbcb176900263d2d3090818193b454c70cd611a2fda1b"
"C-012","chat-widget.js:welcome","en","interface","5","30","Интерфейсный словарь поставки","99c3461714bd30923e843cb81cd7eeaaaa618517ddf69eadea4cfaecbf93f384"
"C-012","chat-widget.js:welcomeDesc","en","interface","8","57","Интерфейсный словарь поставки","6cc8e7b51c9ae5615cbcad84175882f7fdd609a2991f6e7e78f1137e8fdb4b97"
"C-012","chat-widget.js:placeholder","en","interface","4","27","Интерфейсный словарь поставки","7d5d987da0a5b403010cbe25661fdc54812756c23933ea625705b2fb63e10f73"
"C-012","chat-widget.js:searching","en","interface","3","27","Интерфейсный словарь поставки","58a286c5327a602387d0f31e7b2372e931984a50d972a82ff7d68e8395949d59"
"C-012","chat-widget.js:sug1","en","interface","10","55","Интерфейсный словарь поставки","bbd2697f7df284c85c6433eb6388a72635d2bc4746afe294f214580800ae697e"
"C-012","chat-widget.js:sug2","en","interface","8","49","Интерфейсный словарь поставки","0914162014e7399ba1a7adb488afd2fcc113a1bdfa977d9c2ee8ac028fefebb6"
"C-012","chat-widget.js:sug3","en","interface","9","57","Интерфейсный словарь поставки","24b57eee077618f1dd9fc5bbe48f8519c6a5e4fc3743c987b77eeed45b6c7d02"
"C-012","chat-widget.js:disclaimer","en","interface","6","37","Интерфейсный словарь поставки","aef431a9a87192d1227a7f47b1be5507f228219ab795a31395b02e5f2b297a07"
"C-012","chat-widget.js:provider","en","interface","4","21","Интерфейсный словарь поставки","241fbcfa704de2453f4e53e6da029bc7c8aad70c8e44c02e73eb03f1b5279c4c"
"C-012","chat-widget.js:fabLabel","en","interface","2","22","Интерфейсный словарь поставки","dac180fa4705ea9809a575f8bf2eae56570e17004c2789e91941de947388cdf2"
"C-012","chat-widget.js:close","en","interface","2","15","Интерфейсный словарь поставки","5ff71d6b661cbfa1ef915cc91f223ab20dbff6b95267bf8ecf44bb0278e03ccd"
"C-012","chat-widget.js:send","en","interface","2","13","Интерфейсный словарь поставки","ec075128ebd3170530c4c1fc41252b1f1be3dcee28152a7fac036dadd69a05f1"
"C-012","chat-widget.js:errorServer","en","interface","2","12","Интерфейсный словарь поставки","dfe0c2e802b1ff632ce6e3b43ea8d6055b4db02c3b52e6871a72b05e9cc76d5e"
"C-012","chat-widget.js:rateLimited","en","interface","8","43","Интерфейсный словарь поставки","352294b369bcb5daff01d467088a42cf9e27eb59af31dce81bcd5ade524ab5fb"
"C-012","chat-widget.js:errorGeneric","en","interface","1","5","Интерфейсный словарь поставки","54a0e8c17ebb21a11f8a25b8042786ef7efe52441e6cc87e92c67e0c4c0c6e78"
"C-012","chat-widget.js:errorNoResponse","en","interface","6","39","Интерфейсный словарь поставки","355b18c99b16304b963e65839ec7eba0c35276d191b4d1fac0bedf2a4a62e3e6"
"C-012","chat-widget.js:languageMismatch","en","interface","15","101","Интерфейсный словарь поставки","4f190f51a3ab39e625242798f5a56c75024641ab88cf928f993a7a9a26db41fc"
"C-012","chat-widget.js:errorConnection","en","interface","2","16","Интерфейсный словарь поставки","8d137af9c64fba09bbb003aba93f0b029898fe19e7927cd696f4c3e2b69f538d"
"C-012","chat-widget.js:retry","en","interface","1","5","Интерфейсный словарь поставки","942087cc2d41e01304b7195558d093d10c72af8e838c7556d6a02d471ee71852"
"C-012","chat-widget.js:seconds","en","interface","1","1","Интерфейсный словарь поставки","043a718774c572bd8a25adbeb1bfcd5c0256ae11cecf9f9c3f925d0e52beaf89"
"C-012","LegalLibraryScreens.kt:fullTextTitle","kk","interface","2","11","Интерфейсный словарь поставки","1bf5b4a43acbc75cc61925c99255131a922fb175f61eb0d78754d962a692960a"
"C-012","LegalLibraryScreens.kt:fullTextLoading","kk","interface","3","17","Интерфейсный словарь поставки","a5fcaf2a1e43b4f72246e03e2e29be5becc7a41b8af2bf176b1852ec695a1942"
"C-012","LegalLibraryScreens.kt:fullTextSearchCompact","kk","interface","4","19","Интерфейсный словарь поставки","79cebe4e696b4aea330f991aa6081bb31f048f522bc9ca12813371bde8038d3e"
"C-012","LegalLibraryScreens.kt:fullTextSearchWide","kk","interface","3","17","Интерфейсный словарь поставки","f26d776458af7fa1b3d523a8d8d9e8325f953a06ca59a6f98c3922416d4b4b75"
"C-012","LegalLibraryScreens.kt:fullTextEdition","kk","interface","2","16","Интерфейсный словарь поставки","f65183c35f30682beb6d5aedbdd32fd5018f416d993694aa9f9043f04c2fc4a7"
"C-012","LegalLibraryScreens.kt:fullTextCount","kk","interface","4","31","Интерфейсный словарь поставки","188e4e246c7d21831c218e6f0ad5a71240f1816a9e1fc67ffad07b984fd4fa0a"
"C-012","LegalLibraryScreens.kt:glossaryTitle","kk","interface","1","9","Интерфейсный словарь поставки","9c052964cdd725d51910139741cf87bd65c7cdc933535c05d5443fc8e267589b"
"C-012","LegalLibraryScreens.kt:glossaryLoading","kk","interface","2","20","Интерфейсный словарь поставки","721e4c98251682100e9f11c2d0a6c4885731498a1da3d0b186335772bf9242b9"
"C-012","LegalLibraryScreens.kt:glossarySearch","kk","interface","2","13","Интерфейсный словарь поставки","03afd8a61c3c3bcf5ba6aa93766ddad036f20315391ee72c633b01030a666b9f"
"C-012","LegalLibraryScreens.kt:glossarySubtitle","kk","interface","5","49","Интерфейсный словарь поставки","1ab7f610c028fa99d160a5d6570b1fedd6ea6f2beec93cadd6beac889c0b6d8f"
"C-012","LegalLibraryScreens.kt:glossaryCount","kk","interface","2","10","Интерфейсный словарь поставки","46b6f9fb19613d30f3a886cd9a8b322f87c7b1b9abc144d8ce96ccb21a72738f"
"C-012","LegalLibraryScreens.kt:compareTitle","kk","interface","2","13","Интерфейсный словарь поставки","04d75b08a3831a21fd4ce0e36ccbc8b6256c2a9be57fb58e8ab564babf6a55e8"
"C-012","LegalLibraryScreens.kt:compareLoading","kk","interface","2","19","Интерфейсный словарь поставки","54b908462f6a387c9e60e5d42da4a9f83d94913ed15308407a64ba109dfef0c9"
"C-012","LegalLibraryScreens.kt:compareIntroTitle","kk","interface","4","30","Интерфейсный словарь поставки","d2e83a767e71414721d19d5055f4a6ef573aa054298c421f15cbcb560af95529"
"C-012","LegalLibraryScreens.kt:compareIntroSubtitle","kk","interface","6","52","Интерфейсный словарь поставки","6e392d05d37e1dc3a7b0e009accee0bb873508710b35d5921b7ebc73e8d1e9a9"
"C-012","LegalLibraryScreens.kt:allFilter","kk","interface","1","7","Интерфейсный словарь поставки","10729577134b797b0eb0f8430eea452e0d113e9adebca4948fa66a1271260121"
"C-012","LegalLibraryScreens.kt:back","kk","interface","1","5","Интерфейсный словарь поставки","ae769767c8cd9abb7d11a5cb3ccadd2d655e9d0ae637e99a01f75a1de2f61bd4"
"C-012","LegalLibraryScreens.kt:collapse","kk","interface","1","3","Интерфейсный словарь поставки","c7dda6cb9af18d5ae836e22d36da64f6a0cd42d68e152f819d011f40df274018"
"C-012","LegalLibraryScreens.kt:expand","kk","interface","1","3","Интерфейсный словарь поставки","e375dcfb4fb82774aae90159a4eea834940d95104ac29018470831578551d16b"
"C-012","LegalLibraryScreens.kt:preamble","kk","interface","1","7","Интерфейсный словарь поставки","dde97faccb6fee7057c01979308f435e41e6ac062d8fb03d70b5973965b02770"
"C-012","LegalLibraryScreens.kt:article","kk","interface","2","9","Интерфейсный словарь поставки","b2a0c51f384c419f4e4063b69e6946d367b059428488a78f501e838415a864c9"
"C-012","LegalLibraryScreens.kt:offlineNotice","kk","interface","6","48","Интерфейсный словарь поставки","0660c7dcbe11dd6a6489065176d93e686d1e1b0cb5a9b465af0f6cd4b41b3875"
"C-012","LegalLibraryScreens.kt:errorTitle","kk","interface","4","32","Интерфейсный словарь поставки","3d51cfdc7467ab9626f1ad62b906df51814f5a2357a44bcc471bafde77d6125f"
"C-012","LegalLibraryScreens.kt:retry","kk","interface","1","8","Интерфейсный словарь поставки","444a12283520e16f715eb630f08dc178bd44a64bf3f99d77dfd05012f4eea2f6"
"C-012","LegalLibraryScreens.kt:disclaimer","kk","interface","11","92","Интерфейсный словарь поставки","9d9f75af103ee4884a51b15f9a574a80128787ce3047b63b440b78a44e48a9f1"
"C-012","LegalLibraryScreens.kt:noArticles","kk","interface","5","34","Интерфейсный словарь поставки","1721eb10094ed39eff7bb558b2c54a8fd966522d18062488547372801560ef64"
"C-012","LegalLibraryScreens.kt:chooseArticle","kk","interface","2","14","Интерфейсный словарь поставки","2e2567a41d5207158b7f37f186379e993052407a59849dd283c4c243a6c23708"
"C-012","LegalLibraryScreens.kt:noTerms","kk","interface","2","19","Интерфейсный словарь поставки","658e9b9cab83fcfb8a8e5c283263909df7c2304b295424a69b1bffc4a425eb84"
"C-012","LegalLibraryScreens.kt:chooseTerm","kk","interface","2","17","Интерфейсный словарь поставки","55b28839e7e4dc367afbd63085f5fd38e44575a5be5fa08aa1cd340c7cd73570"
"C-012","LegalLibraryScreens.kt:fullTextTitle","en","interface","2","9","Интерфейсный словарь поставки","9ed54584159ceee17b350f1bdf53f70af48d59091cfc8b37bcb17d61425eb16e"
"C-012","LegalLibraryScreens.kt:fullTextLoading","en","interface","3","20","Интерфейсный словарь поставки","34b969581973a3a3908bb020c0db14831cd2b25dc0fcc254d68143efd61445d8"
"C-012","LegalLibraryScreens.kt:fullTextSearchCompact","en","interface","3","18","Интерфейсный словарь поставки","68e2cbb33f16dd86d6dcd5e44f8df6147bf4a236dcc13ebb33ebd8376f565d27"
"C-012","LegalLibraryScreens.kt:fullTextSearchWide","en","interface","3","14","Интерфейсный словарь поставки","860ba5c6b45625988f05257c6a04143b67104233d6b96f918cae12ad9ed9ba29"
"C-012","LegalLibraryScreens.kt:fullTextEdition","en","interface","2","17","Интерфейсный словарь поставки","3713d9f4b1fcdf8013dc95655a0bdd515b4fb1717ec931a04958b2275f880abe"
"C-012","LegalLibraryScreens.kt:fullTextCount","en","interface","4","30","Интерфейсный словарь поставки","d8d5d31253d3ff7c2aa1d9fdba2cdfd0aa919481451353410b48df5acb8d399a"
"C-012","LegalLibraryScreens.kt:glossaryTitle","en","interface","1","8","Интерфейсный словарь поставки","4c4e436f9a453c776dbf011f98d932d615988bb08bddec6051625340e88d012f"
"C-012","LegalLibraryScreens.kt:glossaryLoading","en","interface","2","14","Интерфейсный словарь поставки","7a72cf31cc3f8f163ae0b3b79568480c953725535df648a90a59ba256384e670"
"C-012","LegalLibraryScreens.kt:glossarySearch","en","interface","3","11","Интерфейсный словарь поставки","9e29eabd098fe02b8f31efa31ce995d8c8b058ca4e86941b735eaabc5f52a57a"
"C-012","LegalLibraryScreens.kt:glossarySubtitle","en","interface","5","43","Интерфейсный словарь поставки","83769aedc0459ea7138006f6d6b239418de2f71eefddd31a8ad61f306badf0f5"
"C-012","LegalLibraryScreens.kt:glossaryCount","en","interface","2","9","Интерфейсный словарь поставки","d753d3aa7137efabe8dae3977a47faedb3d1c4b9026e0a8165a7b6bbaa3e7e9b"
"C-012","LegalLibraryScreens.kt:compareTitle","en","interface","2","12","Интерфейсный словарь поставки","ae71a49496e4451e49d707940173f56942653ff21985eac4f9469494ce2a8f17"
"C-012","LegalLibraryScreens.kt:compareLoading","en","interface","3","24","Интерфейсный словарь поставки","2fa2a5889917c3c45463717535d2e598eb34a2b7063f7ef78c8089bd2b0c201c"
"C-012","LegalLibraryScreens.kt:compareIntroTitle","en","interface","5","31","Интерфейсный словарь поставки","1a796d164e0c6c549ec8e5a47aae7720b627f12bee8661b9d6e581c62fdf06f0"
"C-012","LegalLibraryScreens.kt:compareIntroSubtitle","en","interface","8","49","Интерфейсный словарь поставки","fb1e0854466bb9773599bee6ef9248661c879f3599d3568f37206628b85d131f"
"C-012","LegalLibraryScreens.kt:allFilter","en","interface","1","3","Интерфейсный словарь поставки","a52ace420f2175d08b1577a1bea5445e36801229c074ef9ed6c55a73401fd9c2"
"C-012","LegalLibraryScreens.kt:back","en","interface","1","4","Интерфейсный словарь поставки","76900f1bfd16c8d4dd3d25e6f46638d7165aee23883ccea6bfe071c514421769"
"C-012","LegalLibraryScreens.kt:collapse","en","interface","1","8","Интерфейсный словарь поставки","be6eb1fc3b05bf9dceebad2eac7841d1b2f40bda9aa2da34df8ca22af02bc3ed"
"C-012","LegalLibraryScreens.kt:expand","en","interface","1","6","Интерфейсный словарь поставки","07548c2c6511d4d1780564de8a237a1966cf9c99a97cf5c8a185e6c2aeacff09"
"C-012","LegalLibraryScreens.kt:preamble","en","interface","1","8","Интерфейсный словарь поставки","59e371c5cac498cc5ae8361dafb8f60b4023665a8fb606860a289dc3d399a8dc"
"C-012","LegalLibraryScreens.kt:article","en","interface","2","11","Интерфейсный словарь поставки","f6b2bc262da9e6b5c8e04d7f8e78448daf34edd91002eb45ebe3d7b88c72d97f"
"C-012","LegalLibraryScreens.kt:offlineNotice","en","interface","10","61","Интерфейсный словарь поставки","0ad47206e99861607bcd2a7fe1813aa6841faaaf85862e7cd08055e9e63cbe20"
"C-012","LegalLibraryScreens.kt:errorTitle","en","interface","5","23","Интерфейсный словарь поставки","e3ddaca205cdf9eebb7e11835821b917cd9e3f0ef8831300eccd39632d57f622"
"C-012","LegalLibraryScreens.kt:retry","en","interface","2","9","Интерфейсный словарь поставки","d8b8392e2c542950ca64867168e4ef87d4ad606882d5898f826b51c6d553988f"
"C-012","LegalLibraryScreens.kt:disclaimer","en","interface","12","90","Интерфейсный словарь поставки","8bca92a5a5edb13f8df4a77c28872071a8a89d2a9784a5abd54f55e3af5e42d1"
"C-012","LegalLibraryScreens.kt:noArticles","en","interface","6","32","Интерфейсный словарь поставки","82027a3563849b213553e968db7e471769097445a203483f31a5672c61a111a7"
"C-012","LegalLibraryScreens.kt:chooseArticle","en","interface","3","17","Интерфейсный словарь поставки","75717e86dea4f7763e8a40ea17ecb9c3b20c046b12ee04ff400ea95732ceda2d"
"C-012","LegalLibraryScreens.kt:noTerms","en","interface","3","14","Интерфейсный словарь поставки","484f08e7be26e0e4f80b8750f6f0ba65e32c7ff837219e197af0157c628e86f9"
"C-012","LegalLibraryScreens.kt:chooseTerm","en","interface","3","13","Интерфейсный словарь поставки","6bcf0aab77f9ce6f1b2896d4f24244c3fb4752f86bfc02ddcfd29f29d4437758"
"C-012","LegalLibraryScreens.kt:fullTextTitle","ru","interface","2","12","Интерфейсный словарь поставки","4fb1bd3054815b9ea96eef142eb31e4f1d24a89b4f5308d1fc39c634ac8fa060"
"C-012","LegalLibraryScreens.kt:fullTextLoading","ru","interface","3","20","Интерфейсный словарь поставки","b2bd5b4af15e54d7e05f2a6e46709adf5285c44ec94bf797137ef6613fd54070"
"C-012","LegalLibraryScreens.kt:fullTextSearchCompact","ru","interface","4","25","Интерфейсный словарь поставки","0e8f40cb46abacaa677da9ed6809bfd0d2c8ef642ad33860a290879f2a455ef1"
"C-012","LegalLibraryScreens.kt:fullTextSearchWide","ru","interface","3","15","Интерфейсный словарь поставки","f2db9eb40b15b5f4eecea99798a24a756373cc369f37280f703351ee356f8ada"
"C-012","LegalLibraryScreens.kt:fullTextEdition","ru","interface","2","16","Интерфейсный словарь поставки","f65183c35f30682beb6d5aedbdd32fd5018f416d993694aa9f9043f04c2fc4a7"
"C-012","LegalLibraryScreens.kt:fullTextCount","ru","interface","4","33","Интерфейсный словарь поставки","c336cb8be70cd0c965c8bd40ef2f3429e87398de8d5a9e4868f4937697ab2af5"
"C-012","LegalLibraryScreens.kt:glossaryTitle","ru","interface","1","9","Интерфейсный словарь поставки","9c052964cdd725d51910139741cf87bd65c7cdc933535c05d5443fc8e267589b"
"C-012","LegalLibraryScreens.kt:glossaryLoading","ru","interface","2","18","Интерфейсный словарь поставки","a7fd5daf3ea6496e019276355f1fb934e4b25ce0c188d42ab87efe1da449a2e5"
"C-012","LegalLibraryScreens.kt:glossarySearch","ru","interface","2","12","Интерфейсный словарь поставки","1fc94f328493122ff5d7c771883c90f2d4f5c6a30cfb3b0c75dfe95222f0a55f"
"C-012","LegalLibraryScreens.kt:glossarySubtitle","ru","interface","5","42","Интерфейсный словарь поставки","9ffd487fd45d312ce98a966f6e8b3c5724b0db1a097a020203c9c3a8159eb597"
"C-012","LegalLibraryScreens.kt:glossaryCount","ru","interface","2","12","Интерфейсный словарь поставки","7db53abd989768526b0516146ac5048dd66e92c15222a3d9e28d7bc96c2106dd"
"C-012","LegalLibraryScreens.kt:compareTitle","ru","interface","2","12","Интерфейсный словарь поставки","3c20a5701d5c3e1e7280b2c21e328f81ef1e2f0e5f6d2b6b7c242fbfaff55396"
"C-012","LegalLibraryScreens.kt:compareLoading","ru","interface","2","19","Интерфейсный словарь поставки","2cf450590bb98612a8e7e4e6258b44abdc2b65312f5e0b091b3611566bacba00"
"C-012","LegalLibraryScreens.kt:compareIntroTitle","ru","interface","4","23","Интерфейсный словарь поставки","0f545efb3671a14d274707bc4a08bb2447b8df3ede1d42343e017a64f4d0a5b2"
"C-012","LegalLibraryScreens.kt:compareIntroSubtitle","ru","interface","6","40","Интерфейсный словарь поставки","bb83eb8c4dbe702ebbbcaf23cf768b2ad756a4ece616fadc0f6f4fb5cf33902d"
"C-012","LegalLibraryScreens.kt:allFilter","ru","interface","1","3","Интерфейсный словарь поставки","215816bf42103f1f2b24c168779f1fb0ea3afcb7a2c627e42e0bcd7fe07eb70a"
"C-012","LegalLibraryScreens.kt:back","ru","interface","1","5","Интерфейсный словарь поставки","1a9fb1f3cf8e189a74acd6849678ed4bdf80fde41ed2f9c35a85550b0e3586fa"
"C-012","LegalLibraryScreens.kt:collapse","ru","interface","1","8","Интерфейсный словарь поставки","36c25d9ffcfd800aae3298a86e018cf15f488957bed2eb2b171a682495a98a04"
"C-012","LegalLibraryScreens.kt:expand","ru","interface","1","10","Интерфейсный словарь поставки","5a24191433348d88d6dbcef71f049404ce906c841c1b3e50bbc128d8a979ebf0"
"C-012","LegalLibraryScreens.kt:preamble","ru","interface","1","9","Интерфейсный словарь поставки","4ee3fdc559e0e812a1736ef10029edab7dab028f0009d4e92eca679c2298d3e6"
"C-012","LegalLibraryScreens.kt:article","ru","interface","2","10","Интерфейсный словарь поставки","9378aca54e00c1314c055bf688eab754128ea96b41297f3daccd7c481975d45b"
"C-012","LegalLibraryScreens.kt:offlineNotice","ru","interface","5","52","Интерфейсный словарь поставки","fc5452077eaa333ae5685f89b4221d19c2c5af11713dd89626850935f314c331"
"C-012","LegalLibraryScreens.kt:errorTitle","ru","interface","4","27","Интерфейсный словарь поставки","66680674e270a6179c08268d5834f6db4832c756c3a801bdc98908b3a1acefca"
"C-012","LegalLibraryScreens.kt:retry","ru","interface","1","9","Интерфейсный словарь поставки","5189135a6110bd31b69bbcb3487109995252165ac7ee7da59ead9d789f690248"
"C-012","LegalLibraryScreens.kt:disclaimer","ru","interface","11","106","Интерфейсный словарь поставки","12a24727393bb318c35951bec0e956308ccb9b667fb8f08336b595e5818dfd89"
"C-012","LegalLibraryScreens.kt:noArticles","ru","interface","6","34","Интерфейсный словарь поставки","4f233fc7cc327c2fa35eede526f8f98f67af4fbae2f9d9a242fd1b1de339d40d"
"C-012","LegalLibraryScreens.kt:chooseArticle","ru","interface","2","15","Интерфейсный словарь поставки","75a370feb081b35d6f24537db994c36cb590cc628bcee8374623a4c4001d36e3"
"C-012","LegalLibraryScreens.kt:noTerms","ru","interface","3","18","Интерфейсный словарь поставки","f77814e80be928dfdd1328ff1dc9159defaa336057179430476a2c90f1d97bb2"
"C-012","LegalLibraryScreens.kt:chooseTerm","ru","interface","2","15","Интерфейсный словарь поставки","17ded3a1ebb78ebd31384d86faffe3cc2a3b2ee351bbc914a0f263970f17f1b8"
"C-012","NativeAssistantScreen.kt:back","kk","interface","1","5","Интерфейсный словарь поставки","ae769767c8cd9abb7d11a5cb3ccadd2d655e9d0ae637e99a01f75a1de2f61bd4"
"C-012","NativeAssistantScreen.kt:title","kk","interface","2","22","Интерфейсный словарь поставки","33c7c35e619ee04f354eb95991bf00dac9ce25bf28283826e1fbc471eda27519"
"C-012","NativeAssistantScreen.kt:subtitle","kk","interface","4","35","Интерфейсный словарь поставки","da8992503518877c25d258f9dbc05ef6bf69da21ee81afaccca3589bb413c77a"
"C-012","NativeAssistantScreen.kt:welcomeTitle","kk","interface","3","24","Интерфейсный словарь поставки","f9a6df77395a9bde87dcb8aee4d90a020c9f1808ebe7a179983d432049b7d6f8"
"C-012","NativeAssistantScreen.kt:welcomeBody","kk","interface","12","114","Интерфейсный словарь поставки","d337b4c95180f5d3b2a7dba79ff629bc60930867c2de1013cfbbd8b366717a53"
"C-012","NativeAssistantScreen.kt:suggestionsTitle","kk","interface","2","13","Интерфейсный словарь поставки","0542b825d5632380c973053bf2b39c7d24497eddecb36d3dbe537a99f045b813"
"C-012","NativeAssistantScreen.kt:openSearch","kk","interface","2","16","Интерфейсный словарь поставки","7f6ea7cac65bcc69eec711f06a6b8896dac810fbdc70100857a166bbcf814b13"
"C-012","NativeAssistantScreen.kt:disclaimer","kk","interface","7","67","Интерфейсный словарь поставки","7737d52a63ef0ee006fe4d01ce6c14d146df7d5b505dd548df2ecdc1c5bafda2"
"C-012","NativeAssistantScreen.kt:searching","kk","interface","3","30","Интерфейсный словарь поставки","aca25d60448ee9b36d9db57874fa85f94fa4fea6a60294b262353bb8df733b12"
"C-012","NativeAssistantScreen.kt:noAnswer","kk","interface","4","33","Интерфейсный словарь поставки","1071b695e667ae30f9cefa45da85b7fa3582319628dd1fc7b8e9e96525133b8f"
"C-012","NativeAssistantScreen.kt:retry","kk","interface","1","8","Интерфейсный словарь поставки","444a12283520e16f715eb630f08dc178bd44a64bf3f99d77dfd05012f4eea2f6"
"C-012","NativeAssistantScreen.kt:connectionError","kk","interface","8","77","Интерфейсный словарь поставки","2d7f685068ce703af30ccfeb3428ee3757dd4f6c6269b2a2736cd1520fc554d6"
"C-012","NativeAssistantScreen.kt:composerPlaceholder","kk","interface","3","27","Интерфейсный словарь поставки","24fa3b351d1def1cd9a574376913aff321594b06e6103eccbb83a08365567bf9"
"C-012","NativeAssistantScreen.kt:sendQuestion","kk","interface","2","14","Интерфейсный словарь поставки","5a2293ceaa03e82eadaab252b4793591ae4a85500da4ac48db6b66b77ccc3b30"
"C-012","NativeAssistantScreen.kt:back","en","interface","1","4","Интерфейсный словарь поставки","76900f1bfd16c8d4dd3d25e6f46638d7165aee23883ccea6bfe071c514421769"
"C-012","NativeAssistantScreen.kt:title","en","interface","2","22","Интерфейсный словарь поставки","dac180fa4705ea9809a575f8bf2eae56570e17004c2789e91941de947388cdf2"
"C-012","NativeAssistantScreen.kt:subtitle","en","interface","5","32","Интерфейсный словарь поставки","c17d38f5a463980b7f8ad2d3d5caf2c3b1577bf55dfcc6da5aed19393a012c74"
"C-012","NativeAssistantScreen.kt:welcomeTitle","en","interface","4","21","Интерфейсный словарь поставки","75a31c8191d6bca993923c70d007b50c82f04258c65e9491bec86e6382ef732b"
"C-012","NativeAssistantScreen.kt:welcomeBody","en","interface","18","111","Интерфейсный словарь поставки","910e28c66ee23daa26d41db31d047af5c84bea4a5624289f2399e9ebae1ea590"
"C-012","NativeAssistantScreen.kt:suggestionsTitle","en","interface","2","10","Интерфейсный словарь поставки","695b5a73b62752bf3528d1b307cb2e2fff41e1fc598775cc057e41fbdac3654e"
"C-012","NativeAssistantScreen.kt:openSearch","en","interface","4","28","Интерфейсный словарь поставки","4597cdc8111fb2f8fe4cfce2cffda092feb89919d70ac944e0d356de0199e92b"
"C-012","NativeAssistantScreen.kt:disclaimer","en","interface","9","58","Интерфейсный словарь поставки","baf7cc609107aeb907b139bee5cb09abd2da1bd42aeb282be266a47cea3dcbcb"
"C-012","NativeAssistantScreen.kt:searching","en","interface","3","27","Интерфейсный словарь поставки","58a286c5327a602387d0f31e7b2372e931984a50d972a82ff7d68e8395949d59"
"C-012","NativeAssistantScreen.kt:noAnswer","en","interface","7","41","Интерфейсный словарь поставки","0d588b046558901399eb2cc74b2ab7f07cd91cb8a4c946b14fdf80bae651475b"
"C-012","NativeAssistantScreen.kt:retry","en","interface","2","9","Интерфейсный словарь поставки","d8b8392e2c542950ca64867168e4ef87d4ad606882d5898f826b51c6d553988f"
"C-012","NativeAssistantScreen.kt:connectionError","en","interface","13","81","Интерфейсный словарь поставки","e7703f18d2640ce11251a5f28434d371fd518c12f41bb69ffd9ade3777638f1e"
"C-012","NativeAssistantScreen.kt:composerPlaceholder","en","interface","4","27","Интерфейсный словарь поставки","7d5d987da0a5b403010cbe25661fdc54812756c23933ea625705b2fb63e10f73"
"C-012","NativeAssistantScreen.kt:sendQuestion","en","interface","2","13","Интерфейсный словарь поставки","ec075128ebd3170530c4c1fc41252b1f1be3dcee28152a7fac036dadd69a05f1"
"C-012","NativeAssistantScreen.kt:back","ru","interface","1","5","Интерфейсный словарь поставки","1a9fb1f3cf8e189a74acd6849678ed4bdf80fde41ed2f9c35a85550b0e3586fa"
"C-012","NativeAssistantScreen.kt:title","ru","interface","2","24","Интерфейсный словарь поставки","68f540395ff776998a2a4360ffb286cfd6e6c9a9564a928767ae0b3cc191c8a5"
"C-012","NativeAssistantScreen.kt:subtitle","ru","interface","4","30","Интерфейсный словарь поставки","9f9f531b0dc65b62279058a87023d4f4e180895e5b6bb735ade2be693cd5ccf9"
"C-012","NativeAssistantScreen.kt:welcomeTitle","ru","interface","3","25","Интерфейсный словарь поставки","0943414ccbadc43fb5895c2b85057354ccf4d2c837c35f14944e95aaf4ae4490"
"C-012","NativeAssistantScreen.kt:welcomeBody","ru","interface","16","115","Интерфейсный словарь поставки","6c4d42414d228aa2c408fda1c1fb0487e7a0a2862d76c361b7d16738c79345ff"
"C-012","NativeAssistantScreen.kt:suggestionsTitle","ru","interface","2","19","Интерфейсный словарь поставки","16e5e98894f51bf8e6e70dbc7af8d4e963c9b2c5865a4db5801fde7adde083fd"
"C-012","NativeAssistantScreen.kt:openSearch","ru","interface","3","20","Интерфейсный словарь поставки","16f97ee71017bb3a886fbbe230e2bf88f40a581067a0fbf23d8ea6fce98288fb"
"C-012","NativeAssistantScreen.kt:disclaimer","ru","interface","9","76","Интерфейсный словарь поставки","d2fd39eca72d1dc7d6d9aa2a60800f8c2cf730d6f6008262a38cc46664390783"
"C-012","NativeAssistantScreen.kt:searching","ru","interface","3","18","Интерфейсный словарь поставки","9493f60ff81ce58b062facec7f37cf7887207897a4f70ef4acdeaff62b5083f6"
"C-012","NativeAssistantScreen.kt:noAnswer","ru","interface","6","37","Интерфейсный словарь поставки","ef4cffea391eaca2cea0ea4590407242e2e6bd99e61caa270b81d5c6ac1b7c3e"
"C-012","NativeAssistantScreen.kt:retry","ru","interface","1","9","Интерфейсный словарь поставки","5189135a6110bd31b69bbcb3487109995252165ac7ee7da59ead9d789f690248"
"C-012","NativeAssistantScreen.kt:connectionError","ru","interface","10","75","Интерфейсный словарь поставки","cbc084bca7151555e097c00fcf0f942b39a9f9adf77e55b3474ca0dbb2ce8a5c"
"C-012","NativeAssistantScreen.kt:composerPlaceholder","ru","interface","3","23","Интерфейсный словарь поставки","7936262a86a63fefe064de91247ef6d846d7e248c6a2dc9ca798221974e77223"
"C-012","NativeAssistantScreen.kt:sendQuestion","ru","interface","2","16","Интерфейсный словарь поставки","08bbfb867f8cc8c050ba7d4bbf962353d12e37ec1b64427411a75c83f63a1818"
"C-012","AppLanguage.kt:brandTitle","kk","interface","2","18","Интерфейсный словарь поставки","e6cf6bbbeaefd5f5a20e876175897f412397101fe0c1e874e988e6a6e41b72d4"
"C-012","AppLanguage.kt:savedEmptyTitle","kk","interface","3","29","Интерфейсный словарь поставки","a3dc8be32cc2b93d2fbe59205985a11e171888d47c144a0b8f28e0cf5966c9b5"
"C-012","AppLanguage.kt:savedEmptyBody","kk","interface","5","45","Интерфейсный словарь поставки","d7319efebb50a4381a438d24db231e9fb4422c2fe06edb660241b736c7a8ca42"
"C-012","AppLanguage.kt:navHome","kk","interface","2","9","Интерфейсный словарь поставки","15a3fe6b319add9807eb6d62a6046f4c6d153a662b2aee41e44b90374f5306df"
"C-012","AppLanguage.kt:navSearch","kk","interface","1","5","Интерфейсный словарь поставки","47762775061cf47028fcea283cec58f382c5b7a1be63ac915a31015ee5670d0f"
"C-012","AppLanguage.kt:navSaved","kk","interface","1","10","Интерфейсный словарь поставки","4547ae3b2d26611980d8f542fbeb0aa8c8582839f197bde4b1cce493d6056b29"
"C-012","AppLanguage.kt:navMore","kk","interface","1","4","Интерфейсный словарь поставки","171cff564a2261dca5b3429e8b85585996be48d6a2e7b64e8cfb3d30dff0557f"
"C-012","AppLanguage.kt:searchHint","kk","interface","5","38","Интерфейсный словарь поставки","96b276b798aaadb2a037be257bf97ee5932a4a66844193506527cf0dc5a2d2f7"
"C-012","AppLanguage.kt:searchSubmit","kk","interface","1","4","Интерфейсный словарь поставки","c68dadc0eba77de0431f40588ba8b78043be20121821abd95a9ef52150a0ff57"
"C-012","AppLanguage.kt:savedSubtitle","kk","interface","4","33","Интерфейсный словарь поставки","eb18f12ad9e3cd69e4ab2224bc5c3affc0e1e1e9f206ccec71a49da60a364cbb"
"C-012","AppLanguage.kt:fullTextBody","kk","interface","7","41","Интерфейсный словарь поставки","9f8a2986f5d98f25b0434a7da1d50508978ec21d88a87317ae42642479defa90"
"C-012","AppLanguage.kt:readerTitle","kk","interface","1","8","Интерфейсный словарь поставки","7e00703fc124af6b8137a8e837002c72f8c2134aa7e204488138b5abcb549be8"
"C-012","AppLanguage.kt:readerSummaryTitle","kk","interface","1","7","Интерфейсный словарь поставки","b799a6a5bfa72f6fac432cd9f32bd0818e7dc6236f1fa1ec5635cb90799682aa"
"C-012","AppLanguage.kt:relatedArticlesTitle","kk","interface","2","17","Интерфейсный словарь поставки","8252a6ce28a0124b86d75d0ac97459bacb14c22408b79078672dbc619ca4799d"
"C-012","AppLanguage.kt:sourcesTitle","kk","interface","2","23","Интерфейсный словарь поставки","d1c9bfbc393dc81da29eebee7fa5a26238c275a1270cd79848962a2afca254ff"
"C-012","AppLanguage.kt:noResultsTitle","kk","interface","2","16","Интерфейсный словарь поставки","4bf21b2b9541cbae8e1a55ed358810c260b9c3dd5a3308aeddd6ce9ee821aa4f"
"C-012","AppLanguage.kt:noResultsBody","kk","interface","6","46","Интерфейсный словарь поставки","a0d22b1885da27c4b7ffa5fe46a670411d7e33b259a7533777f537b05c65e6c2"
"C-012","AppLanguage.kt:materialsUnavailableTitle","kk","interface","3","30","Интерфейсный словарь поставки","2556309eef8d3339c409a08611b9afa83b54047e633c5a20bfcf498bf9ed0743"
"C-012","AppLanguage.kt:materialsUnavailableBody","kk","interface","11","97","Интерфейсный словарь поставки","2c66f10cdffa58e2fe5acc576ae2d95cbccd017f4811cc25d0da1ebff91f406d"
"C-012","AppLanguage.kt:readerUnavailableTitle","kk","interface","4","29","Интерфейсный словарь поставки","b59ee12362c69e9fd447b708318c33596d21761f46e43948be94cb3101c16fa6"
"C-012","AppLanguage.kt:readerUnavailableBody","kk","interface","8","73","Интерфейсный словарь поставки","d23934a42ae72ea68aeb4e583f320bdc097a68eea985ce1583f3bd1f96c8d930"
"C-012","AppLanguage.kt:retry","kk","interface","1","8","Интерфейсный словарь поставки","444a12283520e16f715eb630f08dc178bd44a64bf3f99d77dfd05012f4eea2f6"
"C-012","AppLanguage.kt:savedSearch","kk","interface","2","11","Интерфейсный словарь поставки","9abdedc106f7443695cc7812d1877021f9858f59524738326bef1bf005fa2963"
"C-012","AppLanguage.kt:loading","kk","interface","2","22","Интерфейсный словарь поставки","3fc252527522736f247b93e8ffb2e4220e0566a3e2f7e262328ae8dcc18d8a65"
"C-012","AppLanguage.kt:offlineFallback","kk","interface","7","76","Интерфейсный словарь поставки","4b8e83d9da900f7268cc0a2cde6e402bf7714c990653d7d1824f8284003896b7"
"C-012","AppLanguage.kt:back","kk","interface","1","5","Интерфейсный словарь поставки","ae769767c8cd9abb7d11a5cb3ccadd2d655e9d0ae637e99a01f75a1de2f61bd4"
"C-012","AppLanguage.kt:save","kk","interface","1","6","Интерфейсный словарь поставки","bf9f848c75b4e3416069b54045e6ae718556cd29f1105fa7725dcc0a41646222"
"C-012","AppLanguage.kt:removeSaved","kk","interface","3","24","Интерфейсный словарь поставки","53a4a1ce06c0e630626cdb394a4d8fd08c805a07c41e69739d506e666eadb7ee"
"C-012","AppLanguage.kt:share","kk","interface","1","6","Интерфейсный словарь поставки","078f76752fdaf0dfc6562164d171de65dc834c41e6e9dabf528433ed329db458"
"C-012","AppLanguage.kt:shareTitle","kk","interface","2","18","Интерфейсный словарь поставки","be8e05705e1df5230719e8566ef6a45e9b29ba8a92daa42f5dea08c2f3546a5c"
"C-012","AppLanguage.kt:readerSource","kk","interface","5","43","Интерфейсный словарь поставки","6f7d338acb4c4c000d9de212cf79a189470f46b6a15ecc5d8ebf7d004dac80f0"
"C-012","AppLanguage.kt:readerDisclaimer","kk","interface","6","59","Интерфейсный словарь поставки","b891a83f9f02b75fb1497d84e931d4374c25b9f3f692fda5b2e88cd15e680f67"
"C-012","AppLanguage.kt:heroEyebrow","kk","interface","4","36","Интерфейсный словарь поставки","ed5170e197821b8743d0e33dc3015ff4c0a9bff6a22a53963775f2e8fa694795"
"C-012","AppLanguage.kt:heroTitle","kk","interface","6","45","Интерфейсный словарь поставки","5de903411d61a8e4f3e1cfd760392ca25a0c1e24e89364f27ccb16eab11f90c4"
"C-012","AppLanguage.kt:heroBody","kk","interface","12","99","Интерфейсный словарь поставки","4e8fc471c80a2f48ea40e7fe8f8a3938aba540f8861051c461f4ac975f99edc0"
"C-012","AppLanguage.kt:findAnswer","kk","interface","2","10","Интерфейсный словарь поставки","ec553f1d81b35a6ed8352bad7cec6a49c31624f357a6e0edc128cb18b9f635a9"
"C-012","AppLanguage.kt:assistantShort","kk","interface","1","7","Интерфейсный словарь поставки","aace6f01fec962b0a4d9e86b3307279c4e73ef38ca3014c4694c50d095dc10ae"
"C-012","AppLanguage.kt:assistantTitle","kk","interface","2","22","Интерфейсный словарь поставки","33c7c35e619ee04f354eb95991bf00dac9ce25bf28283826e1fbc471eda27519"
"C-012","AppLanguage.kt:assistantBody","kk","interface","10","85","Интерфейсный словарь поставки","b79138f331493040d52b9c63205218198ba3a66c4edd603f8909a12817a48a07"
"C-012","AppLanguage.kt:quickRoutes","kk","interface","2","13","Интерфейсный словарь поставки","74f117b3c38b4c92ea57f204af07e0967c105514ff6ad6636827d479c1598132"
"C-012","AppLanguage.kt:quickRoutesSubtitle","kk","interface","8","62","Интерфейсный словарь поставки","323aa167535701cf5aaac1028825aa0418f1774432ea45d9295d8d8744fe7d30"
"C-012","AppLanguage.kt:quickFindTitle","kk","interface","2","12","Интерфейсный словарь поставки","8252a704dfe86e845a85e3567b7983722761cffb330edf07fcd8a078a4ad4503"
"C-012","AppLanguage.kt:quickFindBody","kk","interface","5","35","Интерфейсный словарь поставки","1ad50610b40ddba8f3dfeee3ff8579f49c878f394dd7e2ada38ee41393ba4276"
"C-012","AppLanguage.kt:quickAssistantTitle","kk","interface","3","19","Интерфейсный словарь поставки","a633bd2f68e4b5fc4003ee38b805dcdb05e60c68231b2fcfd6265da13fed0345"
"C-012","AppLanguage.kt:quickAssistantBody","kk","interface","3","28","Интерфейсный словарь поставки","951ccf39ac09029ef0a0961df31d9e483e4c4bb800d026febc7cd22847192049"
"C-012","AppLanguage.kt:quickFullTextTitle","kk","interface","3","17","Интерфейсный словарь поставки","7f5650ebe061fc7d015a3d303334b3e12fa03005a72078f2421219d7314c8cee"
"C-012","AppLanguage.kt:quickFullTextBody","kk","interface","2","16","Интерфейсный словарь поставки","f65183c35f30682beb6d5aedbdd32fd5018f416d993694aa9f9043f04c2fc4a7"
"C-012","AppLanguage.kt:latestTitle","kk","interface","2","15","Интерфейсный словарь поставки","532b424d2c45fa67549129215d9abdf18ac1e49a02072d3f4856dd5462ff5c88"
"C-012","AppLanguage.kt:latestSubtitle","kk","interface","5","37","Интерфейсный словарь поставки","a1729d9d29b203f4c9e9608334652000f7f3721029b6d4e271077dae5d2791d1"
"C-012","AppLanguage.kt:moreSubtitle","kk","interface","5","34","Интерфейсный словарь поставки","ba237e6fe27716674aa908dd83cf0b89191f710652bbdaab9129373a4549bbda"
"C-012","AppLanguage.kt:languageTitle","kk","interface","2","16","Интерфейсный словарь поставки","3bf4d505f982b406bc394602aafa22831fb2e3220645c5217ec2e99d1ab19084"
"C-012","AppLanguage.kt:languageBody","kk","interface","6","49","Интерфейсный словарь поставки","e258766122047246a6fb49d657f32963dd983a22b519d52e1d7f9739e6950e19"
"C-012","AppLanguage.kt:compareTitle","kk","interface","2","23","Интерфейсный словарь поставки","366d3fbda0e83d6a9ba51b8973b47475f64606e1a5ae350e89a279d013a3c424"
"C-012","AppLanguage.kt:compareBody","kk","interface","5","47","Интерфейсный словарь поставки","2a5d0f6494a01282cc658be818094afccd156a489d3ebe9b647dd7f5295d90fb"
"C-012","AppLanguage.kt:glossaryTitle","kk","interface","1","9","Интерфейсный словарь поставки","9c052964cdd725d51910139741cf87bd65c7cdc933535c05d5443fc8e267589b"
"C-012","AppLanguage.kt:glossaryBody","kk","interface","5","50","Интерфейсный словарь поставки","9c31f679244a1475363961d5d8dc1a386d6b2cdcb60b9c12c450dcdebcafbc70"
"C-012","AppLanguage.kt:searchTitle","kk","interface","2","20","Интерфейсный словарь поставки","de05d1b9d695f2db68ac5f5906a7a4c4878ed785869dd25fcac2bb0849e3884c"
"C-012","AppLanguage.kt:searchBody","kk","interface","6","50","Интерфейсный словарь поставки","8a7643fedc6175c10257bed6d1b0688d182e3258eb66f6a2dcea7e1e9a3ffca9"
"C-012","AppLanguage.kt:searchFullTextTitle","kk","interface","3","21","Интерфейсный словарь поставки","71c6c5039d568bb60536c3fb2b744beeb714ba5ece66faddf3b56b9ebbfb354b"
"C-012","AppLanguage.kt:searchFullTextBody","kk","interface","6","49","Интерфейсный словарь поставки","f47dd335f11bc70275ede33f41d9aef8d71ac0ccd03311a41cf00693e16afbf1"
"C-012","AppLanguage.kt:aboutTitle","kk","interface","2","13","Интерфейсный словарь поставки","3bc6e82eb74f5a4a59d5ae10547053d1c62ce6dabc07ef2ceeafc429d1f2e60d"
"C-012","AppLanguage.kt:aboutBody","kk","interface","6","58","Интерфейсный словарь поставки","7c9be82f72af6841d4738f04b17fd12d890f2fabc064cca2cda10da1903d6475"
"C-012","AppLanguage.kt:searchIntroTitle","kk","interface","3","24","Интерфейсный словарь поставки","e5ea7375edec8fced844fdc3cad4c22ecb22554d27b0fa0e78dcc6ae2d7b1854"
"C-012","AppLanguage.kt:searchIntroBody","kk","interface","13","98","Интерфейсный словарь поставки","1cca7ff4b83dca4ad06cc834b782ddc1417ecf6577c9e320e890778986f9017e"
"C-012","AppLanguage.kt:nextStepTitle","kk","interface","4","22","Интерфейсный словарь поставки","235922a2245b4c494e3f6c8638ebfeedb617f8bc2e063c91a93d03ef3959c48d"
"C-012","AppLanguage.kt:savedNextStepTitle","kk","interface","4","28","Интерфейсный словарь поставки","2ec76621402f5c300d7ad6ee5972ca630580b79ab308ca6dca0fec92c85c10c8"
"C-012","AppLanguage.kt:brandTitle","en","interface","2","15","Интерфейсный словарь поставки","3615a346e4add616a70bff76866568fb8e12c305f82a1f4b3bf9d9b739277bce"
"C-012","AppLanguage.kt:savedEmptyTitle","en","interface","5","31","Интерфейсный словарь поставки","0164e233b09db6c22f9b6d198338daf11dc0b189abe5d927cd34a0a730405ab1"
"C-012","AppLanguage.kt:savedEmptyBody","en","interface","11","61","Интерфейсный словарь поставки","21f8672be43d42bc0553654845c5c5573dcbcdb650daa871dbfdc3366ca27f08"
"C-012","AppLanguage.kt:navHome","en","interface","1","4","Интерфейсный словарь поставки","3a78695388b38b5cceefaf6796b0137877514593543b91af2752d5a17e3d736c"
"C-012","AppLanguage.kt:navSearch","en","interface","1","6","Интерфейсный словарь поставки","49c266baaaa70981ea188fa714d5c40cf13830d786a861c9943ae0d26a7f3fe9"
"C-012","AppLanguage.kt:navSaved","en","interface","1","5","Интерфейсный словарь поставки","b5c120b316c237a0deab3140267aebedba61947d3ae268d708a53d5be119e9fb"
"C-012","AppLanguage.kt:navMore","en","interface","1","4","Интерфейсный словарь поставки","d47d7cb0e4f8fd2be5ee07826694c18917d83ca77d0a01698582d05f432db996"
"C-012","AppLanguage.kt:searchHint","en","interface","6","27","Интерфейсный словарь поставки","716b66725c6fce34c97739cffed7a5d66b0842d7ea28c96669595e43490e68b2"
"C-012","AppLanguage.kt:searchSubmit","en","interface","1","6","Интерфейсный словарь поставки","49c266baaaa70981ea188fa714d5c40cf13830d786a861c9943ae0d26a7f3fe9"
"C-012","AppLanguage.kt:savedSubtitle","en","interface","5","27","Интерфейсный словарь поставки","c317bc0f4df922672e5634602f33a061e44754485a416dfbcfd28efdb62a0b31"
"C-012","AppLanguage.kt:fullTextBody","en","interface","7","43","Интерфейсный словарь поставки","c491ecc4d29ffb75343979cca4af35809955a67141089b1a2e1691c55e6736bf"
"C-012","AppLanguage.kt:readerTitle","en","interface","1","8","Интерфейсный словарь поставки","616cb218a65b982f61fd738e24ebe00d5a2ae039c0d386fed975a51d51b772f8"
"C-012","AppLanguage.kt:readerSummaryTitle","en","interface","2","8","Интерфейсный словарь поставки","d088d2bd0dc8bfd5a4100f09f36c7dbdc5edbb29ad230c98db089f22d2118e7a"
"C-012","AppLanguage.kt:relatedArticlesTitle","en","interface","2","16","Интерфейсный словарь поставки","653c98b61dec26294559daf8a44a81ce251323a9fac28553cf92505cf45659f6"
"C-012","AppLanguage.kt:sourcesTitle","en","interface","2","16","Интерфейсный словарь поставки","969fe3225a3de2fdf24c800bb9930268308e02c7d9540e1b5ee23176c81213f1"
"C-012","AppLanguage.kt:noResultsTitle","en","interface","2","13","Интерфейсный словарь поставки","9f5cac3cf2edba6312adda311458beaddfc600fcd618bfdff68aff335944a616"
"C-012","AppLanguage.kt:noResultsBody","en","interface","7","40","Интерфейсный словарь поставки","08773ca1916a12032aa1f202caba419c4b1669b610a26919466840521d389b17"
"C-012","AppLanguage.kt:materialsUnavailableTitle","en","interface","4","37","Интерфейсный словарь поставки","8b04c618ab8203e8a429168126628653c693da216dc87dd3e11f849e61b9e23b"
"C-012","AppLanguage.kt:materialsUnavailableBody","en","interface","13","89","Интерфейсный словарь поставки","1bba636aa5c70f719caefac63bdd4f0f981bd770ab027c0c2d672781eb5abb6a"
"C-012","AppLanguage.kt:readerUnavailableTitle","en","interface","5","27","Интерфейсный словарь поставки","bdc3614fef426f1646614d63ef32202ae3209e800030217e95e9d5e1d89b2df2"
"C-012","AppLanguage.kt:readerUnavailableBody","en","interface","16","84","Интерфейсный словарь поставки","ec19461cf23e512f78a933748b0bd02f704f5f664bc638a8e2dd6eefa459e1e0"
"C-012","AppLanguage.kt:retry","en","interface","2","9","Интерфейсный словарь поставки","d8b8392e2c542950ca64867168e4ef87d4ad606882d5898f826b51c6d553988f"
"C-012","AppLanguage.kt:savedSearch","en","interface","3","12","Интерфейсный словарь поставки","3e0d50f0937d5ff9aca39ddfcbba68df5bc83922ce76b0579d30b5d2e506006a"
"C-012","AppLanguage.kt:loading","en","interface","2","18","Интерфейсный словарь поставки","2c387be99730a47e62efc5f2148e5ba82c109a7e2937ba0342e6d72171e81445"
"C-012","AppLanguage.kt:offlineFallback","en","interface","13","88","Интерфейсный словарь поставки","577926884ff355cfd563d96afd12c04b9a0e89efe90b9be260034a4750640059"
"C-012","AppLanguage.kt:back","en","interface","1","4","Интерфейсный словарь поставки","76900f1bfd16c8d4dd3d25e6f46638d7165aee23883ccea6bfe071c514421769"
"C-012","AppLanguage.kt:save","en","interface","1","4","Интерфейсный словарь поставки","1509f561f2416598629b886ad7d3c05a7e221e4e0675c84bbff4ee6d9e03913d"
"C-012","AppLanguage.kt:removeSaved","en","interface","3","17","Интерфейсный словарь поставки","4115ec23ac38a4a9ebb944b5170064158d69b2edc2a5733e86f98336dbf1426d"
"C-012","AppLanguage.kt:share","en","interface","1","5","Интерфейсный словарь поставки","29887a5ff9846ccc23327565a07e17fa6dcaea6211f1898ae825f84ae38f4223"
"C-012","AppLanguage.kt:shareTitle","en","interface","2","14","Интерфейсный словарь поставки","5d32c6445083dedcf95e644a64cc9c630f1535fe70c2f55bd36b479179bb1db0"
"C-012","AppLanguage.kt:readerSource","en","interface","5","38","Интерфейсный словарь поставки","fd157bbe383f2ed9f5710b3652826525c4cdd3b63aeffb3fa18772bb379a95ea"
"C-012","AppLanguage.kt:readerDisclaimer","en","interface","9","65","Интерфейсный словарь поставки","6fc37288dac4a563392bcf9946520813debf33425c5f61e221d3ad86c7999ce6"
"C-012","AppLanguage.kt:heroEyebrow","en","interface","6","32","Интерфейсный словарь поставки","628484abf766ce291ea54a615ad83a1eb58f50bc013a05bfa5161566c8aec5a0"
"C-012","AppLanguage.kt:heroTitle","en","interface","9","49","Интерфейсный словарь поставки","05ead8bf0e87f14981c829c1d0e7e3a12f204d398122a12068253a6c93f76436"
"C-012","AppLanguage.kt:heroBody","en","interface","16","95","Интерфейсный словарь поставки","58abbf4e36b531fcf48780d2830db3f43f00de36f84f1fffdab8cbbfd54763f4"
"C-012","AppLanguage.kt:findAnswer","en","interface","3","14","Интерфейсный словарь поставки","a4de111d1977204be96b31791644707447a9dfd24103ab181b661e3dcee3a9c8"
"C-012","AppLanguage.kt:assistantShort","en","interface","1","9","Интерфейсный словарь поставки","391e405152779acc6b0f9429f3a4e27baf2af0deab2c37ba792311efa767d676"
"C-012","AppLanguage.kt:assistantTitle","en","interface","2","22","Интерфейсный словарь поставки","dac180fa4705ea9809a575f8bf2eae56570e17004c2789e91941de947388cdf2"
"C-012","AppLanguage.kt:assistantBody","en","interface","15","88","Интерфейсный словарь поставки","e7a5d4643b2aa8ca5b275fa4e974c6482d8b327e69c260ef5d7510a700979a09"
"C-012","AppLanguage.kt:quickRoutes","en","interface","3","16","Интерфейсный словарь поставки","ca8106084ae6f0a261cb773254de4b91a2c43686d15b0c5d5709fea3aaae806e"
"C-012","AppLanguage.kt:quickRoutesSubtitle","en","interface","13","59","Интерфейсный словарь поставки","6cffb36eda7c7276300279de7abe3958de6c642caeb6cffca09004c0e6e33a4c"
"C-012","AppLanguage.kt:quickFindTitle","en","interface","3","11","Интерфейсный словарь поставки","a12cac7f4f4ab9b061cb243afa8cc5b34ecd27588bed7b5fead13701a0e98194"
"C-012","AppLanguage.kt:quickFindBody","en","interface","5","27","Интерфейсный словарь поставки","1d769cd1e43fb906db3d679bf1c2b48f471c75b2d2ce654e005b72cd050941f7"
"C-012","AppLanguage.kt:quickAssistantTitle","en","interface","3","17","Интерфейсный словарь поставки","ae207dbb7b681953b62878a65b90932a73dfdc1d7244ab2c6f35f399efb3e4b6"
"C-012","AppLanguage.kt:quickAssistantBody","en","interface","4","27","Интерфейсный словарь поставки","ccfbb496409ef42c057196ff122ad676d0148e3e9e0f88c0b7f2c383672d1f83"
"C-012","AppLanguage.kt:quickFullTextTitle","en","interface","4","18","Интерфейсный словарь поставки","be79398d4e4e5d46442838bb294131de412d005d72f638d248405d76a2dfc3a1"
"C-012","AppLanguage.kt:quickFullTextBody","en","interface","2","17","Интерфейсный словарь поставки","3713d9f4b1fcdf8013dc95655a0bdd515b4fb1717ec931a04958b2275f880abe"
"C-012","AppLanguage.kt:latestTitle","en","interface","3","16","Интерфейсный словарь поставки","4913b528bb77d141860c4d82c5aa2b705abddc30ac8196d979bacca3bfbef6ac"
"C-012","AppLanguage.kt:latestSubtitle","en","interface","5","38","Интерфейсный словарь поставки","eaacc2e8387da7a7f6bbe0b5e6a6b29007f2f3b1b0cd998cdc221b4153b4d9c4"
"C-012","AppLanguage.kt:moreSubtitle","en","interface","5","34","Интерфейсный словарь поставки","c18c6829e0bad5c63ccd0539127f42663f15e7ac8f035f3257b2b9296e00369e"
"C-012","AppLanguage.kt:languageTitle","en","interface","2","17","Интерфейсный словарь поставки","37997e9398086dca057c0819b545cca751af5438c1bec974f55d6ad9e1fd4ad0"
"C-012","AppLanguage.kt:languageBody","en","interface","7","48","Интерфейсный словарь поставки","b03b71097fad2b5838be07cb2fad5d1404a3ea6ea22d86e9b52b10ad76cb57a7"
"C-012","AppLanguage.kt:compareTitle","en","interface","2","16","Интерфейсный словарь поставки","7a48be15681c63d6be739a1be6a3746da10a913d25b08678858a60e900929011"
"C-012","AppLanguage.kt:compareBody","en","interface","8","53","Интерфейсный словарь поставки","6f56a773beed6b2735dfe4609f6fe2ed90cea1855518f3ac4f058d1254e9fb3c"
"C-012","AppLanguage.kt:glossaryTitle","en","interface","1","8","Интерфейсный словарь поставки","4c4e436f9a453c776dbf011f98d932d615988bb08bddec6051625340e88d012f"
"C-012","AppLanguage.kt:glossaryBody","en","interface","6","43","Интерфейсный словарь поставки","4e7fe72972b67806d395b5a12de66bf35ca66fbc4d4a1df0caea476582e93d94"
"C-012","AppLanguage.kt:searchTitle","en","interface","3","20","Интерфейсный словарь поставки","7433a3f1986d30d38e81cd7be377f560cf84a64436544170d1b606ac68c4be29"
"C-012","AppLanguage.kt:searchBody","en","interface","7","38","Интерфейсный словарь поставки","68dc89350eb76a1cba80340dfeaa3d45e33791a74ea0195d1c4f19b5fe63f1fc"
"C-012","AppLanguage.kt:searchFullTextTitle","en","interface","4","19","Интерфейсный словарь поставки","3615490d42cdc6024b7a98f1ef5fc02a9bb97d26aae7d4d77f3a8652c5775202"
"C-012","AppLanguage.kt:searchFullTextBody","en","interface","11","62","Интерфейсный словарь поставки","09009ef70d25a43aa6fe571f00bdb37cf058da6b6d584a313aa3a27af3f7e1c3"
"C-012","AppLanguage.kt:aboutTitle","en","interface","3","17","Интерфейсный словарь поставки","635fa96abe980ddfaeb1a90a79eb75cb504c4ab0e2638783b65635ae1ac43c8e"
"C-012","AppLanguage.kt:aboutBody","en","interface","7","68","Интерфейсный словарь поставки","82e3ade43786df4e77b3c353cdac82dd5625d995d53ab6bd4fd7808abe925a82"
"C-012","AppLanguage.kt:searchIntroTitle","en","interface","5","24","Интерфейсный словарь поставки","187a7524ab752d2c3d1114ad99a1c98f38a570dc2fe83507ed96604b4297fbcf"
"C-012","AppLanguage.kt:searchIntroBody","en","interface","14","87","Интерфейсный словарь поставки","865aa2903f165809ab3f86b42ef8a21f97536350d2a796ad144ca513db20a858"
"C-012","AppLanguage.kt:nextStepTitle","en","interface","4","17","Интерфейсный словарь поставки","6534482ac967e413875042b95ee030d273a500d7df9fdb303a06c60571eb790a"
"C-012","AppLanguage.kt:savedNextStepTitle","en","interface","5","24","Интерфейсный словарь поставки","d4c1494a533a76dbcc0ad8c603147a48c0c4cc73b176a4892870152bb1f52165"
"C-012","AppLanguage.kt:brandTitle","ru","interface","2","15","Интерфейсный словарь поставки","6285585d098a2eaa594ab8ad577fdeb56e8ff4d48f2cfa0124ae3190ed885f55"
"C-012","AppLanguage.kt:savedEmptyTitle","ru","interface","4","26","Интерфейсный словарь поставки","aaa4426d503c19af0bf9f45f041a83be3bdc4713af89c2bc4d25b69916073f72"
"C-012","AppLanguage.kt:savedEmptyBody","ru","interface","9","65","Интерфейсный словарь поставки","90dbe67e0900d547ec9e484313170228ace27ba9890b6b95d32a0afbb3543144"
"C-012","AppLanguage.kt:navHome","ru","interface","1","7","Интерфейсный словарь поставки","d328e53dc4561e099c85d45d26fea5d20aac5ffc2b949a0388eb794e30db40cb"
"C-012","AppLanguage.kt:navSearch","ru","interface","1","5","Интерфейсный словарь поставки","180f58ab975323f98064952d056a0fdf5ca7479de168c77b8c0799aaf011aa92"
"C-012","AppLanguage.kt:navSaved","ru","interface","1","11","Интерфейсный словарь поставки","a5339cdab4a5cfd6ef6921ce52eda8b5849f2170dc1e20f93710d2267a42db91"
"C-012","AppLanguage.kt:navMore","ru","interface","1","3","Интерфейсный словарь поставки","2071fb99050431712e60af0fe7ad59c29158386d28212c756f736de4f70586c7"
"C-012","AppLanguage.kt:searchHint","ru","interface","5","27","Интерфейсный словарь поставки","7ad37422f9a4a02840095dfcb0b22c851e916c6e0779a19c18fb0b1eec6c17c3"
"C-012","AppLanguage.kt:searchSubmit","ru","interface","1","5","Интерфейсный словарь поставки","be6156b8e4de367aad94bad1d2e1156c5b43f66c426f8fd2f6cd3a1fb7ef753e"
"C-012","AppLanguage.kt:savedSubtitle","ru","interface","5","37","Интерфейсный словарь поставки","b1c076502a9a7ba449a13363ca92cd482936524af84b2cd8239b34003e640eea"
"C-012","AppLanguage.kt:fullTextBody","ru","interface","7","40","Интерфейсный словарь поставки","164fa0b5738486fe2b7d4e05f0c1d6c8c7ff9274b4f20f50d4e524de5ce0fcbb"
"C-012","AppLanguage.kt:readerTitle","ru","interface","1","8","Интерфейсный словарь поставки","7e00703fc124af6b8137a8e837002c72f8c2134aa7e204488138b5abcb549be8"
"C-012","AppLanguage.kt:readerSummaryTitle","ru","interface","1","7","Интерфейсный словарь поставки","3a42d2327c1e0763a5ffc387ea344ea8531886c0786193e4d77ebd916b171d9c"
"C-012","AppLanguage.kt:relatedArticlesTitle","ru","interface","2","15","Интерфейсный словарь поставки","d1930762f6c0d4144f73698ddb81da1bc55bf9437f7bbf469f2e69bc13061667"
"C-012","AppLanguage.kt:sourcesTitle","ru","interface","2","21","Интерфейсный словарь поставки","2e68c0f56507b47e49bbd9a7aa4a09f959d64be858acdee8072b36f7a98cb011"
"C-012","AppLanguage.kt:noResultsTitle","ru","interface","3","15","Интерфейсный словарь поставки","f33d83e1ab518da8704a501c601b23f0e182e82db904319b92883099c62f037a"
"C-012","AppLanguage.kt:noResultsBody","ru","interface","7","51","Интерфейсный словарь поставки","ca5cfd654db22f13f65500747195e1397ef46f7acec57bfaf76624c7c772cd4b"
"C-012","AppLanguage.kt:materialsUnavailableTitle","ru","interface","3","25","Интерфейсный словарь поставки","b981d0d9f616feefbc15e4f42e4e3863e06a2de1c96fb29b3597384b8e8f5853"
"C-012","AppLanguage.kt:materialsUnavailableBody","ru","interface","11","92","Интерфейсный словарь поставки","43cc63cbb6439fc7f72564b2ac0e5378fc7ba68e97ebf0c0b32431ba82ee3b5d"
"C-012","AppLanguage.kt:readerUnavailableTitle","ru","interface","4","27","Интерфейсный словарь поставки","ac81ebecb511411535def999d239103f039149af76a4a1682347ebe0fbebf769"
"C-012","AppLanguage.kt:readerUnavailableBody","ru","interface","12","84","Интерфейсный словарь поставки","91e690bfdaed190828f6011c2ef0f147fd8ca4cde78b684f7cdd5ff1b2483cbe"
"C-012","AppLanguage.kt:retry","ru","interface","1","9","Интерфейсный словарь поставки","5189135a6110bd31b69bbcb3487109995252165ac7ee7da59ead9d789f690248"
"C-012","AppLanguage.kt:savedSearch","ru","interface","3","16","Интерфейсный словарь поставки","5027ce55f49468416221ee5618897f9ea22221136d128be5aa884962d8b928db"
"C-012","AppLanguage.kt:loading","ru","interface","2","20","Интерфейсный словарь поставки","1c22de513e0d05bbd0b373543e95401bc84fe3e77d03b43f1e982a7d40229b0f"
"C-012","AppLanguage.kt:offlineFallback","ru","interface","9","86","Интерфейсный словарь поставки","c22227d2a7cdab0271289307da8b729d5f28eea96e8767bf6f8767703aa4c41f"
"C-012","AppLanguage.kt:back","ru","interface","1","5","Интерфейсный словарь поставки","1a9fb1f3cf8e189a74acd6849678ed4bdf80fde41ed2f9c35a85550b0e3586fa"
"C-012","AppLanguage.kt:save","ru","interface","1","9","Интерфейсный словарь поставки","b4d30cae52894cf0a87c1c072b864768dace8b01d2d800a9e8741a6f1b50791e"
"C-012","AppLanguage.kt:removeSaved","ru","interface","3","22","Интерфейсный словарь поставки","e6083a247f6efb2cb9d698e44f1d1557165dd2d34c47eb30eff961bed3bbd68d"
"C-012","AppLanguage.kt:share","ru","interface","1","10","Интерфейсный словарь поставки","dc120821c212b41e01ad78e7fa8ab83ab684997b78ced61057f9733f2eaf7e33"
"C-012","AppLanguage.kt:shareTitle","ru","interface","2","21","Интерфейсный словарь поставки","5440097a83cf6efd1d8f85f50de24badbcb94a9672d6c196e3825e27fb509075"
"C-012","AppLanguage.kt:readerSource","ru","interface","5","41","Интерфейсный словарь поставки","710d6e14605f07dab10a296b0f986297c4144b43870f5f1e8178192eb8813845"
"C-012","AppLanguage.kt:readerDisclaimer","ru","interface","7","72","Интерфейсный словарь поставки","51202249d9dc4d19ffc697f9e7bbb9670d4994fd1e92211b09cfce6558994fc3"
"C-012","AppLanguage.kt:heroEyebrow","ru","interface","4","29","Интерфейсный словарь поставки","957c252efe344c09c7876ae4916066e2456aea1c14510f84d2107d7cd85ba410"
"C-012","AppLanguage.kt:heroTitle","ru","interface","8","45","Интерфейсный словарь поставки","52ffc9eb31d6f56ac2c81624510ca88ff2d988ede4f3e7699b4e8793f5cfb8dc"
"C-012","AppLanguage.kt:heroBody","ru","interface","13","97","Интерфейсный словарь поставки","1266b1fae2d01585c9962d88b8a4d39d1faa4594f081c554c5e71c519b7f5738"
"C-012","AppLanguage.kt:findAnswer","ru","interface","2","11","Интерфейсный словарь поставки","fde7905c84ee119f58296047091b989524c0841b1650d58cb2abcb019422efab"
"C-012","AppLanguage.kt:assistantShort","ru","interface","1","8","Интерфейсный словарь поставки","b798a37544b6a31bb4848c207d2751a67ec7ed83c5e5dec5ff7026a2f11c38f1"
"C-012","AppLanguage.kt:assistantTitle","ru","interface","2","24","Интерфейсный словарь поставки","68f540395ff776998a2a4360ffb286cfd6e6c9a9564a928767ae0b3cc191c8a5"
"C-012","AppLanguage.kt:assistantBody","ru","interface","13","90","Интерфейсный словарь поставки","d1f887673aa1864e595b4716be8681d1f516ab10ff8a7f4e208e3141a52e64fd"
"C-012","AppLanguage.kt:quickRoutes","ru","interface","2","13","Интерфейсный словарь поставки","911b529ff2c053c41236fe4e7db497fee8ffdc77984edc0725a05d79ed5b2999"
"C-012","AppLanguage.kt:quickRoutesSubtitle","ru","interface","9","54","Интерфейсный словарь поставки","e005f3af6c92919efc8d472180be85d0cdf80ca6053679683cfff1981141c75d"
"C-012","AppLanguage.kt:quickFindTitle","ru","interface","2","11","Интерфейсный словарь поставки","0f9877cb58e899c1c0a021c0f1fedd50957874cc4925bdeee630cb306791d7cd"
"C-012","AppLanguage.kt:quickFindBody","ru","interface","5","26","Интерфейсный словарь поставки","bb4802c1e4c3e94efed6564ee00f9dc368702784c47851343aa8a33d377c39fa"
"C-012","AppLanguage.kt:quickAssistantTitle","ru","interface","2","18","Интерфейсный словарь поставки","9e8708f2d91f339891dec3db351600f2ef0ff35c9f0f83c0986fedaac34fa74d"
"C-012","AppLanguage.kt:quickAssistantBody","ru","interface","5","27","Интерфейсный словарь поставки","e85fa65936d6eaedc253b97a5e81addee20e2db37fd28d335518d18fead9598f"
"C-012","AppLanguage.kt:quickFullTextTitle","ru","interface","3","19","Интерфейсный словарь поставки","da96485fd11541f310ee69a6b684329ac5b130a8017f34a7a216e17a660a3277"
"C-012","AppLanguage.kt:quickFullTextBody","ru","interface","2","16","Интерфейсный словарь поставки","f65183c35f30682beb6d5aedbdd32fd5018f416d993694aa9f9043f04c2fc4a7"
"C-012","AppLanguage.kt:latestTitle","ru","interface","4","22","Интерфейсный словарь поставки","6e6a0471a483b963eec53b55420026db0cec3a0d4ef0aec58ac71616c3d2ac67"
"C-012","AppLanguage.kt:latestSubtitle","ru","interface","5","41","Интерфейсный словарь поставки","ab5cd18b1c1b63596327cc5cd197933c61ddb0e082237a4b32d73aa76beeffd0"
"C-012","AppLanguage.kt:moreSubtitle","ru","interface","5","36","Интерфейсный словарь поставки","df22421a16c7ddadb7cde68930f233a4ae15ac08a03b49a868bf7c46ca9b94e0"
"C-012","AppLanguage.kt:languageTitle","ru","interface","2","15","Интерфейсный словарь поставки","638824d1f1d3ffb7399dfbcef110f4d90dd44f037f6b2e1b7495cf11a1e62ecc"
"C-012","AppLanguage.kt:languageBody","ru","interface","6","41","Интерфейсный словарь поставки","63d3fee38aa3c694014d5dcc665ffbd115748e301b4737bf4d6a738dfa7e0383"
"C-012","AppLanguage.kt:compareTitle","ru","interface","2","18","Интерфейсный словарь поставки","ca308a3c2ce5c473e08d2b73456d26ca8b7360a07df40be7480886c7f13a827c"
"C-012","AppLanguage.kt:compareBody","ru","interface","8","53","Интерфейсный словарь поставки","ad03ba223b7c403261d60964a365272f7c0304e94c89bbf73663e6eb75e20243"
"C-012","AppLanguage.kt:glossaryTitle","ru","interface","1","9","Интерфейсный словарь поставки","9c052964cdd725d51910139741cf87bd65c7cdc933535c05d5443fc8e267589b"
"C-012","AppLanguage.kt:glossaryBody","ru","interface","5","50","Интерфейсный словарь поставки","6adb8d2a6af3036eb84f6bb4e02c1e0e908505ab7004a092c9f1ea10ad2c53f3"
"C-012","AppLanguage.kt:searchTitle","ru","interface","3","19","Интерфейсный словарь поставки","028d2bc4d6ed31d9d63702429b09de31e45cd94bea893d9e8cd268f8683c1c3e"
"C-012","AppLanguage.kt:searchBody","ru","interface","6","46","Интерфейсный словарь поставки","748fc46f325707e3f129e4a1627bc99f8667fdcf0e47e9cad806a03a86a2caa7"
"C-012","AppLanguage.kt:searchFullTextTitle","ru","interface","3","22","Интерфейсный словарь поставки","e0b91d8f2508c71b0f2f95f2d1c3ef6eed26ae74749083e562ef8bcffaaef7ce"
"C-012","AppLanguage.kt:searchFullTextBody","ru","interface","6","52","Интерфейсный словарь поставки","a7d8565da69bdae5ef5679be6abef924d280b6b713e8146c745267453db3cde3"
"C-012","AppLanguage.kt:aboutTitle","ru","interface","2","9","Интерфейсный словарь поставки","a5fda3b984499c283ea2edabbcbcd434736afab25d70f01c9d5e21d5136178a2"
"C-012","AppLanguage.kt:aboutBody","ru","interface","6","59","Интерфейсный словарь поставки","dadf2504d063f6aa6e34f4f38154a869bdb1f3277b34a19d84a7a7f74cd4cc6c"
"C-012","AppLanguage.kt:searchIntroTitle","ru","interface","3","18","Интерфейсный словарь поставки","a4e7a6fbfa51523562cfbfe6d4249f592ce3fc3da80f5c41085adbc35f1aa2d3"
"C-012","AppLanguage.kt:searchIntroBody","ru","interface","11","83","Интерфейсный словарь поставки","3804e23df1139d5c9ae4380ce249ae040887575f523f61dba8ddb3d2981ce904"
"C-012","AppLanguage.kt:nextStepTitle","ru","interface","3","20","Интерфейсный словарь поставки","4813fde81cace4e1f82bcf47584b4f6070ac0de7d12cdc0dbb04a3623105a851"
"C-012","AppLanguage.kt:savedNextStepTitle","ru","interface","5","32","Интерфейсный словарь поставки","65e8d4d6343cf85d4c54b8ee6d88213bbf7f424ce5990eb6bae1ba408e28ec19"
"C-013","constitution-2026-official","ru","metadata","11","112","https://adilet.zan.kz/rus/docs/K2600000000","2af386500ab4e3936cddbdef3dcb414d2a544b8fbe882a9fbf11c246ee58d470"
"C-013","constitution-2026-official","kk","metadata","11","111","https://adilet.zan.kz/rus/docs/K2600000000","e6152ed1e5cfc5f155de0125e775a0714a680e1869952fcf60809de6fa996cf3"
"C-013","constitution-2026-official","en","metadata","15","107","https://adilet.zan.kz/rus/docs/K2600000000","b1deafccd4f95e85842b6de8b1ca3595b244e6e68efeb884b33d7404cb537ebc"
"C-013","constitutional-court-official-text","ru","metadata","9","91","https://www.gov.kz/memleket/entities/ksrk/press/news/details/1159830?lang=ru","393e4f6c4aa3573d0c02a64a7980227e0f40c6d3574daff2a3980fcd80f74912"
"C-013","constitutional-court-official-text","kk","metadata","9","108","https://www.gov.kz/memleket/entities/ksrk/press/news/details/1159830?lang=ru","c83b5932f72da8a9f3024b15d04d859765f55e16a9a7df48216dfc7811fdf535"
"C-013","constitutional-court-official-text","en","metadata","14","97","https://www.gov.kz/memleket/entities/ksrk/press/news/details/1159830?lang=ru","3c89d00efc1ffa216721d766a319aa13a87797e209dd7e2b4f91d4d0bd8ff675"
"C-013","akorda-constitutional-documents","ru","metadata","4","44","https://www.akorda.kz/ru/konstituciya-respubliki-kazahstan-3053339","80984f80d9a495643db1e75ad5f96d2846d96f8552a23d8b86b41c99ed09dfbc"
"C-013","akorda-constitutional-documents","kk","metadata","4","36","https://www.akorda.kz/ru/konstituciya-respubliki-kazahstan-3053339","0c7792363670b9b166ae04c71721848b644c54a734d172471e70e6d20e12e09c"
"C-013","akorda-constitutional-documents","en","metadata","4","40","https://www.akorda.kz/ru/konstituciya-respubliki-kazahstan-3053339","3ba1840da1c2185e154a04d388a2ade81bf5da63e11fd49554ce2a7219f61612"
"C-013","national-bank-official-info","ru","metadata","9","81","https://nationalbank.kz/ru/page/informaciya-o-nbk","fb684bd7f15db96b42b309c82ad6b0d78667b5c0e9be6e3b1434a16ef0c4582b"
"C-013","national-bank-official-info","kk","metadata","9","76","https://nationalbank.kz/ru/page/informaciya-o-nbk","1f520832e42dd8945a09f3ec2ca806025446c00d541b3d89b9db190a5c9aec82"
"C-013","national-bank-official-info","en","metadata","11","77","https://nationalbank.kz/ru/page/informaciya-o-nbk","99cc1a4fa9d39f82687e408c9fadaedd762db031d0dc4cf15a624b0fe1ac93b1"
"C-013","election-commission-portal","ru","metadata","12","89","https://www.election.gov.kz/rus/news/releases/index.php?ID=10190","c72dfa3e007abfcf64361b145829247e871b78048a314efb3d97cf0539f9734b"
"C-013","election-commission-portal","kk","metadata","12","102","https://www.election.gov.kz/rus/news/releases/index.php?ID=10190","154bf19418e89208feb3a69e7aeecf42ee30d320cbbc2af61f175c3b079921c9"
"C-013","election-commission-portal","en","metadata","13","92","https://www.election.gov.kz/rus/news/releases/index.php?ID=10190","ed1a7cde110a3cd9dac069b864c3a93e4d40a71d0c7dc6f649c7467172b17980"
"C-013","referendum-results-2026","ru","metadata","14","135","https://www.election.gov.kz/rus/news/releases/index.php?ID=10110","91f477155161132d9784f1f1297a917c2c24462ae30b19f0356feaedfc249372"
"C-013","referendum-results-2026","kk","metadata","15","136","https://www.election.gov.kz/rus/news/releases/index.php?ID=10110","0dc6f585bb5c889dbcb3ca08e8b84415baff5ef2fb99ae35e01c5cabd4c1eec5"
"C-013","referendum-results-2026","en","metadata","15","114","https://www.election.gov.kz/rus/news/releases/index.php?ID=10110","e6579ba4fa282acbe2aa332e7e3adbf3eeb9e839d6c49eb756251e56d9a037aa"
"C-013","kurultai-election-decree","ru","metadata","14","108","https://adilet.zan.kz/rus/docs/U2600001338","fd8439936ab1ab1af97bbb690ba700c41828c9f8ce5c59d15b409511f9e230bc"
"C-013","kurultai-election-decree","kk","metadata","13","115","https://adilet.zan.kz/rus/docs/U2600001338","5fce3a0645797ecd164bfffd3815f9840d9bf0fb788fdc3c03c43d6eb253a4cf"
"C-013","kurultai-election-decree","en","metadata","13","88","https://adilet.zan.kz/rus/docs/U2600001338","11e88a7d4aad9d1e67ee67754186b8a211b25dbcba080356c5baaf0e2ba9833b"
"C-013","kurultai-law-2026","ru","metadata","9","95","https://adilet.zan.kz/rus/docs/Z2600000297","1b5efaab8419dcb6ff017d1dec6be5daba6da4d5edc05e5547825180c09b5165"
"C-013","kurultai-law-2026","kk","metadata","9","99","https://adilet.zan.kz/rus/docs/Z2600000297","aa89b64d1659ee5260db4c8ea028e2bbcddb524af075efee9bebe2a73365b35f"
"C-013","kurultai-law-2026","en","metadata","14","96","https://adilet.zan.kz/rus/docs/Z2600000297","664bf8b164f604c4b71c07d3bebbec533e6293346c77ed3ac31a3dd285749255"
"C-013","halyk-council-law-2026","ru","metadata","9","88","https://adilet.zan.kz/rus/docs/Z2600000298","7540ab6326a7a78a9d2851415b1734623de72561f8d8d0fdd167e0c1b1b61b48"
"C-013","halyk-council-law-2026","kk","metadata","9","86","https://adilet.zan.kz/rus/docs/Z2600000298","160f4f863767a334b3d3f8963c04e47c97280db7b9be5783429a24212a9c4549"
"C-013","halyk-council-law-2026","en","metadata","11","85","https://adilet.zan.kz/rus/docs/Z2600000298","3c44a1964fed819cd53fe31d3e3c7f84ce51cd52451e2a4f5e37639252bd1abb"
"C-013","halyk-council-secretariat-decree","ru","metadata","10","95","https://adilet.zan.kz/rus/docs/U2600001343","5e21d6204b2a638bfbc78473cb6f8626c3c36312ee406f07a534c01f90171357"
"C-013","halyk-council-secretariat-decree","kk","metadata","10","91","https://adilet.zan.kz/rus/docs/U2600001343","9534ebeb05e445f80e553da53db9325e3bb99a3fbc190a94cfebf8a001214446"
"C-013","halyk-council-secretariat-decree","en","metadata","13","102","https://adilet.zan.kz/rus/docs/U2600001343","0dd8e04e26c0bf8b5ed947ace2fd0e9d63cafaabcc5d3d3b58e1551c4834e455"
"C-013","constitutional-court-interpretation-89","ru","metadata","14","116","https://www.gov.kz/memleket/entities/ksrk/documents/details/1038621?lang=ru","ab17b66f750fa568be3511eb956ee4c77198fb86764ece0bbbe902ca940c5737"
"C-013","constitutional-court-interpretation-89","kk","metadata","13","118","https://www.gov.kz/memleket/entities/ksrk/documents/details/1038621?lang=ru","01b19d1e573c9634398c3948de84fa314afcd299eb50b088339afa01dd167a42"
"C-013","constitutional-court-interpretation-89","en","metadata","13","88","https://www.gov.kz/memleket/entities/ksrk/documents/details/1038621?lang=ru","08f84b5de71e6cb9925a001cd70d0f2899077d2bf53ed9a9f6d6936c07b6898a"
"C-013","kurultai-election-current-stage","ru","metadata","9","72","https://www.election.gov.kz/rus/news/releases/index.php?ID=10290","726ac2391f2f54b021c2525e2a25493e557bafd3fbbad57611f562a98086cc6a"
"C-013","kurultai-election-current-stage","kk","metadata","8","81","https://www.election.gov.kz/rus/news/releases/index.php?ID=10290","c34855acbfbda34ab529029ff8ca4457dfd380414b4a1e306f658ffe1b279854"
"C-013","kurultai-election-current-stage","en","metadata","13","97","https://www.election.gov.kz/rus/news/releases/index.php?ID=10290","9ac91be57b2581413393f69026877ee20bf0e042a5bf2f8973313b1968079fdc"
"C-013","constitution-1995-gov-archive","ru","metadata","10","83","https://www.gov.kz/uploads/2020/2/11/92594e9ba28352a961ca421505b4b79a_original.146163.pdf","0620f5dde11b97150e685ab3e7bb16cd3fd6231528c746f9bfedf87af1589c4b"
"C-013","constitution-1995-gov-archive","kk","metadata","10","85","https://www.gov.kz/uploads/2020/2/11/92594e9ba28352a961ca421505b4b79a_original.146163.pdf","49cb73e9797cb4617a90d43eea96f86ceffe2a7042f73a31ef0000811f69b052"
"C-013","constitution-1995-gov-archive","en","metadata","13","88","https://www.gov.kz/uploads/2020/2/11/92594e9ba28352a961ca421505b4b79a_original.146163.pdf","0c272573574e9673bb9bc612929c53195fb9b5c8d7db0bcb4d404170c394876a"
"C-013","constitutional-court-law","ru","metadata","11","108","https://www.gov.kz/memleket/entities/ksrk/documents/details/395513?lang=ru","611921b4f29e5d12c778c054d84ed77bd1d3bedd4d65aa90dccd90a8a03070e3"
"C-013","constitutional-court-law","kk","metadata","11","119","https://www.gov.kz/memleket/entities/ksrk/documents/details/395513?lang=ru","00cf8c2d7d45ded70f8790e3bbb6ff046e48e41ac9395da5334afb389a99ab2d"
"C-013","constitutional-court-law","en","metadata","18","127","https://www.gov.kz/memleket/entities/ksrk/documents/details/395513?lang=ru","4a1768f7fbc885f13391d749bd0eda178d8c82081278140663c3b8932128f51b"
"C-013","administrative-procedural-code-petitions","ru","metadata","9","87","https://adilet.zan.kz/rus/docs/K2000000350#z1470","fdc331d46d38e26e177162759de0f9a4210531313e7a6da13bf7566dcdc06228"
"C-013","administrative-procedural-code-petitions","kk","metadata","8","88","https://adilet.zan.kz/rus/docs/K2000000350#z1470","952877dcabf6c6d0a872c0bd7e2498f420ea0c73c842015b3f09c07c9c9ebd85"
"C-013","administrative-procedural-code-petitions","en","metadata","13","103","https://adilet.zan.kz/rus/docs/K2000000350#z1470","ee6aa2bc14c5292c78dd1c2efc9f5840d3d7722e8b7b61c5ddb5a80915610667"
"C-013","personal-data-law-2013","ru","metadata","10","81","https://adilet.zan.kz/rus/docs/Z1300000094","45e64ea0eb3d380a05b6835d229e239ee76f5e44558a37009cf15ace907c352d"
"C-013","personal-data-law-2013","kk","metadata","10","83","https://adilet.zan.kz/rus/docs/Z1300000094","09d82c1b621083dd687083d9b6eea2e34016b1a0452e0eddff84ee32d587c772"
"C-013","personal-data-law-2013","en","metadata","11","73","https://adilet.zan.kz/rus/docs/Z1300000094","8717bfd745cc6cbca1fb811a299616207e41d75c46e1c68d555e4046579f8f1e"
"C-013","personal-data-authority-guidance","ru","metadata","15","145","https://www.gov.kz/memleket/entities/maidd/activities/9552?lang=ru&parentId=6","7270b8265279b24c8041e5b1bb6640fefd1faa3cd2589645725b1b6690fc3e2b"
"C-013","personal-data-authority-guidance","kk","metadata","15","140","https://www.gov.kz/memleket/entities/maidd/activities/9552?lang=ru&parentId=6","6f663967cbbddb985a60bb14d73af85ca94ec59275b9d78b218bb0f96fe9e080"
"C-013","personal-data-authority-guidance","en","metadata","15","126","https://www.gov.kz/memleket/entities/maidd/activities/9552?lang=ru&parentId=6","8825cf67e9ee684156477bc8a15435b1fb1402462353a638e1ffe28f254e27e6"
"C-014","content.csv:slug","en","technical_metadata","4","30","https://constitution.my/tools?lang=en","81145563c8aaff981a4f5078b65c93b1ec3f3f57de4306c32678000894e6ac04"
"C-014","content.csv:title","en","technical_metadata","5","33","https://constitution.my/tools?lang=en","d581e98ec2f1f8eb9d05e2083b82c3f0a4507cc5926ccec08782c97e1a17d1f7"
"C-014","content.csv:summary","en","technical_metadata","8","50","https://constitution.my/tools?lang=en","a942fe7e045050cf1a4791d2093f1b45027069749e99b4ad48f3e18946fc740f"
"C-014","content.csv:section","en","technical_metadata","4","34","https://constitution.my/tools?lang=en","1df1535da50104bfa754160b0be405ced34b2349cad8c6cb24afd371c00cd9eb"
"C-014","content.csv:section_code","en","technical_metadata","3","20","https://constitution.my/tools?lang=en","61bcca699e03fc8c206c7d7afb53e0b9a7a845421cf012e7f4f29991c3aa3586"
"C-014","content.csv:updated_at","en","technical_metadata","4","32","https://constitution.my/tools?lang=en","d1559812322f7ab949235119dbb2566fa499db1b086e0b6b1fa5b5b2139a831d"
"C-014","content.csv:canonical_url","en","technical_metadata","4","26","https://constitution.my/tools?lang=en","39b4a6a51fbf5be770a53594a343fe798c2541c5d4ca536b42ce7373ea42d508"
"C-014","content.csv:article_refs","en","technical_metadata","7","52","https://constitution.my/tools?lang=en","a5f71a98a6453463eb3158c66f000a3dd3be8c8230f785f916ce31e09e4485cb"
"C-014","content.csv:source_ids","en","technical_metadata","6","41","https://constitution.my/tools?lang=en","94647b2fd613fcadfaf2821d861dd27ddce65cbc871c3ee4319babd01857ba77"
"C-014","compare.csv:section_id","en","technical_metadata","4","37","https://constitution.my/tools?lang=en","f0b4e0625dc88d412ecb3f907d26ae80fb048ff60b43c76ba461d3d6d6553726"
"C-014","compare.csv:section_title","en","technical_metadata","4","35","https://constitution.my/tools?lang=en","33fb43f114da5796cf1513740decac3a78d97c4f24e7bc48662f201a245f74f5"
"C-014","compare.csv:item_id","en","technical_metadata","4","34","https://constitution.my/tools?lang=en","af804a5d6525bc346a50d8b7fdc9e5c49518dfd841ebf503395e6b7c609c48e1"
"C-014","compare.csv:title","en","technical_metadata","3","27","https://constitution.my/tools?lang=en","b9b439160b37eb1451b9258abcb927cef6e6fa984c026c1a3c8c047266ed7bf1"
"C-014","compare.csv:before","en","technical_metadata","3","35","https://constitution.my/tools?lang=en","612eed0471e94a03b90e08c5541d11a3ada2f89b4859b07643e263d157420a4c"
"C-014","compare.csv:after","en","technical_metadata","3","35","https://constitution.my/tools?lang=en","3c485bf5b9a584a8132e3ead4fcf1c7def8a4be1a22b07a01e2b6d3048bb009d"
"C-014","compare.csv:editorial_note","en","technical_metadata","7","60","https://constitution.my/tools?lang=en","8e9eef8b8adaf8692405a58ed5906561f312a954b66f80568a453f95eb26cf00"
"C-014","compare.csv:absent_in_1995","en","technical_metadata","11","65","https://constitution.my/tools?lang=en","62fce39f58bf5a21d8a802b92cbe85768fa62be7e3435d8b9852e5cdd7fc9b5c"
"C-014","compare.csv:depends_on_act","en","technical_metadata","13","86","https://constitution.my/tools?lang=en","20b791280a67d9bb198399c62a4f82d6ea48eafdbde2fc0b7ac0287d60b0ec58"
"C-014","compare.csv:references_1995","en","technical_metadata","8","44","https://constitution.my/tools?lang=en","92be54d97839feb78b2bc053e83fe0161ae1e85af2b05e2def64abf5eb2698b8"
"C-014","compare.csv:references_2026","en","technical_metadata","8","43","https://constitution.my/tools?lang=en","deb8847a216ba23506ea90485568f9ebbe1bfb7488fa9f7cf514c2d5e3f7d8e6"
"C-014","compare.csv:canonical_url","en","technical_metadata","4","31","https://constitution.my/tools?lang=en","367c7886fbabcb343751abeb317dde157075b9ba44eb77053bb4668d204df424"
"C-014","timeline.csv:id","en","technical_metadata","4","33","https://constitution.my/tools?lang=en","45869ea6657ca2ac365bda10b33c718dfaf40048fd5b542e492811c241cbe168"
"C-014","timeline.csv:starts_at","en","technical_metadata","4","39","https://constitution.my/tools?lang=en","d99e0c5d470b1a681ef823887d7cdf7bba0f469479ff357b850be0e2f0c44819"
"C-014","timeline.csv:ends_at","en","technical_metadata","5","46","https://constitution.my/tools?lang=en","9df72402b272ba1a45d119fa6a78424ee45e4b85695375a357b5a60aa0daefd3"
"C-014","timeline.csv:date","en","technical_metadata","3","23","https://constitution.my/tools?lang=en","3db98cfa7ef7596e8aa38f4acb6ef3feac6705ec99303eaf610ce0dcbfd62e06"
"C-014","timeline.csv:status","en","technical_metadata","8","72","https://constitution.my/tools?lang=en","6cf3c917bd7dd4ad6ed0891c40f356cf8aaa7e35b115428f2452bb3f1284b819"
"C-014","timeline.csv:title","en","technical_metadata","3","22","https://constitution.my/tools?lang=en","0d1984699d46045a2c5752ced3c70350f23b5bf44ae2ed8a55724aef0c64df1e"
"C-014","timeline.csv:description","en","technical_metadata","3","28","https://constitution.my/tools?lang=en","fbd189a6e6259f65d40cbc96dc8e7ae5d36d3898592af940fdce68df413a6a00"
"C-014","timeline.csv:source_refs","en","technical_metadata","6","33","https://constitution.my/tools?lang=en","cace3133974f2e0db862fa162d703e88e2bf30ea263959e91c39aee36c5ce549"
"C-014","timeline.csv:canonical_url","en","technical_metadata","4","29","https://constitution.my/tools?lang=en","d6e6ba12dbad885da85aacac73fa4ae5b513e7a189dfaeb6b6e99cbdb393e81f"
"C-014","sources.csv:card_slug","en","technical_metadata","6","36","https://constitution.my/tools?lang=en","dc5cdacc9a6f25758fccbee748cebba5ce51218719b8a6a76ccda3d9c047a6a9"
"C-014","sources.csv:source_id","en","technical_metadata","4","33","https://constitution.my/tools?lang=en","532893cf3e143b69c1a6d0563b6e53d8413c09deab985033a81873c67c17f9b5"
"C-014","sources.csv:source_title","en","technical_metadata","6","38","https://constitution.my/tools?lang=en","9f88116b61ae3f6eb142aee5cf7f89c044c3337d97d663e9be714fda4ec75c12"
"C-014","sources.csv:publisher","en","technical_metadata","5","39","https://constitution.my/tools?lang=en","c4b400d582b77f463e103d258177571a98269d5fea89f078678c6992a0a2d911"
"C-014","sources.csv:url","en","technical_metadata","3","18","https://constitution.my/tools?lang=en","ef0ed5b112c5c9b687012d766a3c2aaca5372376809e4309927910cf0d4014aa"
"C-014","sources.csv:checked_at","en","technical_metadata","6","35","https://constitution.my/tools?lang=en","845c16bdca138fb28f83f6e9e6823dbcda898aa23dd77d3eb9b362e99f063168"
